,净利润,从业人员年平均人数,科技活动费用合计,科技活动人员合计,当年专利申请数,地区名称,科技活动人员占比,聚类标签
0,-393.3,183,910.0,21,0,南宁,0.11475409836065574,0
1,-24.0,30,569.0,6,0,南宁,0.2,0
2,474.3,18,516.9,10,0,南宁,0.5555555555555556,0
3,136.68,11,738.0,5,0,南宁,0.45454545454545453,0
4,94.77,7,161.0,4,0,南宁,0.5714285714285714,0
5,3765.0,44,1250.0,12,2,南宁,0.2727272727272727,0
6,166.63,70,1660.94,14,0,南宁,0.2,0
7,9310.68,227,3263.43,85,0,南宁,0.3744493392070485,0
8,-1480.16,25,111.72,15,2,南宁,0.6,0
9,19503.49,309,35762.67,219,13,南宁,0.7087378640776699,0
10,2335.78,26,965.9,12,0,南宁,0.46153846153846156,0
11,324.0,12,1380.0,5,0,南宁,0.4166666666666667,0
12,72423.31,270,9713.25,48,1,南宁,0.17777777777777778,0
13,-171.0,20,910.0,10,0,南宁,0.5,0
14,-69.85,21,1549.35,5,0,南宁,0.23809523809523808,0
15,995.9,20,890.0,14,1,南宁,0.7,0
16,4017.63,57,3755.4,13,7,南宁,0.22807017543859648,0
17,375.78,10,660.39,10,0,南宁,1.0,0
18,7.0,64,1669.0,30,2,南宁,0.46875,0
19,398.58,100,1238.0,21,0,南宁,0.21,0
20,-78.06,16,806.62,16,0,南宁,1.0,0
21,85.59,32,746.0,7,5,南宁,0.21875,0
22,106.62,6,211.67,6,6,南宁,1.0,0
23,31.95,37,119.32,8,4,南宁,0.21621621621621623,0
24,4122.06,21,120.0,9,0,南宁,0.42857142857142855,0
25,376.19,34,1169.6,33,2,南宁,0.9705882352941176,0
26,4284.3,74,1541.8,32,0,南宁,0.43243243243243246,0
27,-33.59,21,629.31,17,0,南宁,0.8095238095238095,0
28,-29746.0,132,2740.0,59,0,南宁,0.44696969696969696,0
29,131.57,26,469.96,10,0,南宁,0.38461538461538464,0
30,-373.23,9,143.0,5,0,南宁,0.5555555555555556,0
31,17305.07,40,3467.0,9,3,南宁,0.225,0
32,78.22,30,1034.69,12,0,南宁,0.4,0
33,77.63,15,287.5,15,0,南宁,1.0,0
34,32.56,53,1030.0,12,6,南宁,0.22641509433962265,0
35,-42.19,23,857.0,12,0,南宁,0.5217391304347826,0
36,258.33,3,544.83,1,0,南宁,0.3333333333333333,0
37,568.0,95,2082.0,16,11,南宁,0.16842105263157894,0
38,10692.16,139,6647.33,25,0,南宁,0.17985611510791366,0
39,-10475.53,108,1691.81,23,0,南宁,0.21296296296296297,0
40,83.59,17,682.0,10,0,南宁,0.5882352941176471,0
41,127.52,15,550.0,8,2,南宁,0.5333333333333333,0
42,76.5,33,14.32,4,0,南宁,0.12121212121212122,0
43,1188.0,40,540.0,4,0,南宁,0.1,0
44,230.0,8,317.0,5,0,南宁,0.625,0
45,775.0,23,452.0,18,0,南宁,0.782608695652174,0
46,134.97,4,54.0,1,0,南宁,0.25,0
47,743.0,15,139.0,5,1,南宁,0.3333333333333333,0
48,171.71,12,195.3,8,0,南宁,0.6666666666666666,0
49,1531.65,37,793.9,10,0,南宁,0.2702702702702703,0
50,1609.0,15,600.0,8,0,南宁,0.5333333333333333,0
51,32.15,8,125.15,8,2,南宁,1.0,0
52,2129.0,81,1071.0,10,10,南宁,0.12345679012345678,0
53,11.0,4,215.0,4,0,南宁,1.0,0
54,6682.3,162,6206.38,62,11,南宁,0.38271604938271603,0
55,2653.07,34,1100.0,16,1,南宁,0.47058823529411764,0
56,-6829.25,63,786.0,37,0,南宁,0.5873015873015873,0
57,117.26,16,885.27,10,0,南宁,0.625,0
58,11401.0,59,1376.0,20,0,南宁,0.3389830508474576,0
59,6.74,7,242.92,4,10,南宁,0.5714285714285714,0
60,-256.47,37,848.76,15,7,南宁,0.40540540540540543,0
61,461.56,9,256.0,5,0,南宁,0.5555555555555556,0
62,211.0,20,134.8,16,0,南宁,0.8,0
63,1.81,7,458.38,4,3,南宁,0.5714285714285714,0
64,-739.0,59,3021.0,26,0,南宁,0.4406779661016949,0
65,366.32,25,480.5,8,0,南宁,0.32,0
66,212.5,3,4.0,1,0,南宁,0.3333333333333333,0
67,152.71,18,810.65,14,0,南宁,0.7777777777777778,0
68,7109.62,44,42143.13,15,0,南宁,0.3409090909090909,0
69,-92.17,18,0.0,0,0,南宁,0.0,0
70,-513.61,52,0.0,0,0,南宁,0.0,0
71,-1182.0,537,4295.0,56,5,南宁,0.1042830540037244,0
72,415.0,13,548.0,9,0,南宁,0.6923076923076923,0
73,198.0,20,260.0,8,0,南宁,0.4,0
74,6754.27,380,10530.0,42,15,南宁,0.11052631578947368,0
75,5101.05,61,3114.48,30,3,南宁,0.4918032786885246,0
76,1144.22,16,1200.0,6,0,南宁,0.375,0
77,15651.0,680,99524.0,126,0,南宁,0.18529411764705883,0
78,13698.0,553,52134.0,72,9,南宁,0.1301989150090416,0
79,-7804.47,55,2655.24,11,4,南宁,0.2,0
80,-62339.7,375,0.0,0,0,南宁,0.0,0
81,-7419.04,120,6556.14,25,0,南宁,0.20833333333333334,0
82,11019.03,121,35304.61,50,2,南宁,0.4132231404958678,0
83,-1920.86,355,4985.36,72,1,南宁,0.2028169014084507,0
84,4414.0,150,300.0,17,4,南宁,0.11333333333333333,0
85,-2874.0,210,3276.0,34,7,南宁,0.1619047619047619,0
86,824.0,30,2931.0,20,0,南宁,0.6666666666666666,0
87,443.0,69,2900.0,22,0,南宁,0.3188405797101449,0
88,1495.0,26,3187.0,6,0,南宁,0.23076923076923078,0
89,5152.0,82,5966.9,31,0,南宁,0.3780487804878049,0
90,291.36,179,2605.77,48,0,南宁,0.2681564245810056,0
91,1314.95,241,6032.03,35,10,南宁,0.14522821576763487,0
92,-1569.78,55,1909.1,9,0,南宁,0.16363636363636364,0
93,718.0,8,0.0,0,0,南宁,0.0,0
94,-3022.94,32,280.0,8,0,南宁,0.25,0
95,-472.0,22,1558.0,9,0,南宁,0.4090909090909091,0
96,197.0,56,3599.82,15,0,南宁,0.26785714285714285,0
97,-3391.6,49,1722.9,11,6,南宁,0.22448979591836735,0
98,-601.0,80,1533.0,12,0,南宁,0.15,0
99,2450.78,56,5147.81,47,6,南宁,0.8392857142857143,0
100,253.13,46,500.0,5,0,南宁,0.10869565217391304,0
101,153.39,69,1620.24,9,0,南宁,0.13043478260869565,0
102,1302.0,300,1115.0,31,0,南宁,0.10333333333333333,0
103,-4651.0,43,3927.0,26,0,南宁,0.6046511627906976,0
104,-1073.31,610,2000.5,76,6,南宁,0.12459016393442623,0
105,39.85,16,1622.7,5,0,南宁,0.3125,0
106,49.2,9,0.0,0,0,南宁,0.0,0
107,-1539.0,45,2000.0,5,10,南宁,0.1111111111111111,0
108,1802.63,16,1626.39,7,0,南宁,0.4375,0
109,208.71,39,820.0,15,0,南宁,0.38461538461538464,0
110,9722.58,65,2779.5,25,0,南宁,0.38461538461538464,0
111,279.0,80,142.0,19,0,南宁,0.2375,0
112,6094.0,47,794.0,8,1,南宁,0.1702127659574468,0
113,67.4,65,4099.98,52,8,南宁,0.8,0
114,12540.0,26,152.0,16,0,南宁,0.6153846153846154,0
115,3610.23,65,2785.0,27,0,南宁,0.4153846153846154,0
116,501.5,62,2982.0,36,0,南宁,0.5806451612903226,0
117,436.0,67,949.0,12,0,南宁,0.1791044776119403,0
118,333.82,25,794.35,6,8,南宁,0.24,0
119,38.0,68,498.0,15,2,南宁,0.22058823529411764,0
120,1475.19,22,4331.12,22,1,南宁,1.0,0
121,3671.09,90,630.22,16,0,南宁,0.17777777777777778,0
122,1479.0,55,4131.0,15,0,南宁,0.2727272727272727,0
123,150.0,16,2546.7,16,3,南宁,1.0,0
124,521.36,34,1104.03,10,0,南宁,0.29411764705882354,0
125,-583.0,15,380.0,9,0,南宁,0.6,0
126,4630.29,12,334.21,7,4,南宁,0.5833333333333334,0
127,22.91,11,750.0,8,0,南宁,0.7272727272727273,0
128,261.63,20,853.38,3,0,南宁,0.15,0
129,94.0,12,650.0,4,0,南宁,0.3333333333333333,0
130,-95.7,35,798.51,17,0,南宁,0.4857142857142857,0
131,235.0,15,2286.0,15,0,南宁,1.0,0
132,44.09,20,16.97,5,0,南宁,0.25,0
133,2893.59,151,1042.9,21,0,南宁,0.1390728476821192,0
134,56.8,18,314.0,5,0,南宁,0.2777777777777778,0
135,153.0,30,270.0,3,5,南宁,0.1,0
136,-361.02,20,0.0,0,0,南宁,0.0,0
137,464.26,28,946.77,15,5,南宁,0.5357142857142857,0
138,921.11,22,3599.9,19,0,南宁,0.8636363636363636,0
139,548.0,10,518.0,4,0,南宁,0.4,0
140,2909.0,35,1744.0,10,0,南宁,0.2857142857142857,0
141,660.43,45,724.8,15,0,南宁,0.3333333333333333,0
142,2152.7,9,387.0,5,0,南宁,0.5555555555555556,0
143,122.0,35,175.5,5,0,南宁,0.14285714285714285,0
144,786.01,20,2083.98,16,2,南宁,0.8,0
145,-826.97,50,1000.0,30,3,南宁,0.6,0
146,262.32,10,452.86,5,0,南宁,0.5,0
147,28.11,6,160.0,5,0,南宁,0.8333333333333334,0
148,85.7,13,400.0,10,0,南宁,0.7692307692307693,0
149,29.9,11,331.7,7,0,南宁,0.6363636363636364,0
150,36.5,21,403.7,7,0,南宁,0.3333333333333333,0
151,-603.0,10,564.0,8,8,南宁,0.8,0
152,-1713.79,45,556.7,8,10,南宁,0.17777777777777778,0
153,82.78,9,511.0,9,6,南宁,1.0,0
154,579.1,45,3229.1,32,0,南宁,0.7111111111111111,0
155,-1240.7,11,618.95,10,0,南宁,0.9090909090909091,0
156,224.02,6,300.5,4,0,南宁,0.6666666666666666,0
157,-19.27,11,235.22,4,0,南宁,0.36363636363636365,0
158,-365.89,6,131.3,6,0,南宁,1.0,0
159,292.0,14,300.0,8,8,南宁,0.5714285714285714,0
160,25.83,5,168.0,4,4,南宁,0.8,0
161,-678.04,15,236.0,6,0,南宁,0.4,0
162,499.09,60,200.0,10,0,南宁,0.16666666666666666,0
163,2.6,18,285.18,6,12,南宁,0.3333333333333333,0
164,-1350.71,35,952.94,27,0,南宁,0.7714285714285715,0
165,826.38,18,667.85,7,6,南宁,0.3888888888888889,0
166,627.08,8,638.5,4,6,南宁,0.5,0
167,701.93,15,1120.0,11,0,南宁,0.7333333333333333,0
168,185.6,12,301.0,6,6,南宁,0.5,0
169,-563.1,18,90.0,6,0,南宁,0.3333333333333333,0
170,-122.8,14,143.2,4,7,南宁,0.2857142857142857,0
171,-17.6,12,1953.4,6,0,南宁,0.5,0
172,1866.0,5,42.0,1,0,南宁,0.2,0
173,255.87,26,900.0,10,6,南宁,0.38461538461538464,0
174,11.16,10,216.18,5,0,南宁,0.5,0
175,129.0,60,250.0,10,0,南宁,0.16666666666666666,0
176,7.12,9,528.0,5,2,南宁,0.5555555555555556,0
177,-67.0,2,26.0,1,0,南宁,0.5,0
178,5.1,25,900.0,10,3,南宁,0.4,0
179,-6.8,17,78.2,5,0,南宁,0.29411764705882354,0
180,-1316.83,18,782.0,15,0,南宁,0.8333333333333334,0
181,17.0,7,680.87,4,3,南宁,0.5714285714285714,0
182,24.32,12,490.0,6,0,南宁,0.5,0
183,-9124.66,98,865.0,12,0,南宁,0.12244897959183673,0
184,-65.17,5,86.41,4,0,南宁,0.8,0
185,-206.03,2,8.0,1,0,南宁,0.5,0
186,-980.0,12,110.0,6,0,南宁,0.5,0
187,1025.5,10,437.0,7,0,南宁,0.7,0
188,288.31,20,150.0,20,0,南宁,1.0,0
189,642.6,12,141.3,6,0,南宁,0.5,0
190,-273.53,6,121.0,3,0,南宁,0.5,0
191,-1857.26,13,100.0,8,0,南宁,0.6153846153846154,0
192,-598.86,17,2062.0,3,0,南宁,0.17647058823529413,0
193,-560.19,33,268.57,10,0,南宁,0.30303030303030304,0
194,-157.0,20,130.0,10,0,南宁,0.5,0
195,343.22,10,422.43,5,0,南宁,0.5,0
196,400.0,22,210.0,12,7,南宁,0.5454545454545454,0
197,-121.06,8,210.0,4,0,南宁,0.5,0
198,-217.0,23,50.0,5,2,南宁,0.21739130434782608,0
199,-552.0,20,110.0,2,8,南宁,0.1,0
200,227.1,8,136.3,8,0,南宁,1.0,0
201,-79.0,12,93.0,5,1,南宁,0.4166666666666667,0
202,-421.0,17,455.0,6,5,南宁,0.35294117647058826,0
203,-4501.0,5,174.1,3,0,南宁,0.6,0
204,-302.75,5,128.8,4,6,南宁,0.8,0
205,370.0,12,453.0,12,0,南宁,1.0,0
206,-197.0,5,169.0,3,0,南宁,0.6,0
207,397.44,13,948.85,6,2,南宁,0.46153846153846156,0
208,3.86,20,92.0,3,7,南宁,0.15,0
209,99.0,22,1532.0,17,1,南宁,0.7727272727272727,0
210,439.0,10,2211.0,10,6,南宁,1.0,0
211,-764.0,16,496.0,16,1,南宁,1.0,0
212,-52.0,4,68.0,3,0,南宁,0.75,0
213,-570.06,7,70.11,1,0,南宁,0.14285714285714285,0
214,-3049.81,10,314.5,4,1,南宁,0.4,0
215,-2.59,5,0.0,0,0,南宁,0.0,0
216,-5.86,8,50.0,5,0,南宁,0.625,0
217,2202.0,37,889.0,12,0,南宁,0.32432432432432434,0
218,-876.49,9,465.2,5,0,南宁,0.5555555555555556,0
219,15.16,18,230.0,9,0,南宁,0.5,0
220,20.52,6,126.87,3,0,南宁,0.5,0
221,79.53,6,861.08,5,0,南宁,0.8333333333333334,0
222,-99.38,7,106.0,6,1,南宁,0.8571428571428571,0
223,200.0,11,100.0,5,0,南宁,0.45454545454545453,0
224,88.55,2,133.17,2,0,南宁,1.0,0
225,-482.56,8,124.8,5,0,南宁,0.625,0
226,-1159.85,5,140.0,2,0,南宁,0.4,0
227,-135.2,12,100.0,5,0,南宁,0.4166666666666667,0
228,4099.77,619,4880.79,180,0,南宁,0.29079159935379645,0
229,6040.91,36,3479.62,7,0,南宁,0.19444444444444445,0
230,12650.0,188,8668.0,33,6,南宁,0.17553191489361702,0
231,59.2,29,25.27,7,6,南宁,0.2413793103448276,0
232,-12337.72,14,486.52,13,0,南宁,0.9285714285714286,0
233,-181.0,45,1350.0,34,0,南宁,0.7555555555555555,0
234,203966.66,9391,110388.84,1166,1,南宁,0.12416143115749122,0
235,-106.0,44,472.0,10,0,南宁,0.22727272727272727,0
236,2746.33,172,1019.14,83,2,南宁,0.48255813953488375,0
237,40739.0,103,5860.0,11,2,南宁,0.10679611650485436,0
238,421.0,50,1959.0,16,0,南宁,0.32,0
239,54497.0,300,16656.0,48,10,南宁,0.16,0
240,194.38,18,489.0,16,0,南宁,0.8888888888888888,0
241,134394.0,130,8301.0,27,10,南宁,0.2076923076923077,0
242,126.62,21,750.61,13,0,南宁,0.6190476190476191,0
243,32.3,15,1000.0,15,2,南宁,1.0,0
244,43.6,16,596.85,7,0,南宁,0.4375,0
245,149.87,80,3541.31,23,1,南宁,0.2875,0
246,13495.0,40,2606.0,18,0,南宁,0.45,0
247,6663.41,60,3526.81,51,0,南宁,0.85,0
248,4348.56,207,7841.0,24,0,南宁,0.11594202898550725,0
249,10444.0,375,9361.0,122,16,南宁,0.3253333333333333,0
250,23847.11,795,19536.9,82,1,南宁,0.10314465408805032,0
251,31.57,11,257.0,8,0,南宁,0.7272727272727273,0
252,976.0,50,1729.0,11,0,南宁,0.22,0
253,24463.18,183,9347.76,39,9,南宁,0.21311475409836064,0
254,177.0,28,1290.0,8,0,南宁,0.2857142857142857,0
255,2220.71,78,1711.19,16,0,南宁,0.20512820512820512,0
256,5361.0,48,4657.0,31,10,南宁,0.6458333333333334,0
257,26.5,5,53.4,3,0,南宁,0.6,0
258,-609.47,9,340.48,7,0,南宁,0.7777777777777778,0
259,10500.0,283,12018.0,121,11,南宁,0.4275618374558304,0
260,480.15,38,293.84,6,0,南宁,0.15789473684210525,0
261,4764.56,462,5208.22,50,0,南宁,0.10822510822510822,0
262,29.0,2,173.53,2,8,南宁,1.0,0
263,-96.0,4,0.0,0,0,南宁,0.0,0
264,-124.0,10,276.4,7,0,南宁,0.7,0
265,1025.0,29,300.0,4,4,南宁,0.13793103448275862,0
266,-90.46,12,0.0,0,0,南宁,0.0,0
267,-1737.0,5,0.0,0,0,南宁,0.0,0
268,-1278.04,49,2715.36,18,8,南宁,0.3673469387755102,0
269,265.0,29,1103.51,13,13,南宁,0.4482758620689655,0
270,-668.0,54,432.0,12,8,南宁,0.2222222222222222,0
271,431.0,30,918.0,15,0,南宁,0.5,0
272,-137.0,30,2283.0,16,0,南宁,0.5333333333333333,0
273,2402.0,91,194.0,37,2,南宁,0.4065934065934066,0
274,126.0,72,1650.0,23,0,南宁,0.3194444444444444,0
275,-924.0,1,0.0,0,0,南宁,0.0,0
276,-102.0,8,102.0,4,2,南宁,0.5,0
277,-3632.57,66,3011.81,27,0,南宁,0.4090909090909091,0
278,779.12,26,933.38,9,2,南宁,0.34615384615384615,0
279,568.0,31,1191.0,12,3,南宁,0.3870967741935484,0
280,599.79,33,697.4,15,2,南宁,0.45454545454545453,0
281,95498.0,2102,118911.0,1911,5,南宁,0.9091341579448144,0
282,-9194.0,31,2972.7,25,1,南宁,0.8064516129032258,0
283,652.0,29,666.0,6,10,南宁,0.20689655172413793,0
284,1015.26,29,997.4,16,0,南宁,0.5517241379310345,0
285,1317.81,44,3217.9,22,0,南宁,0.5,0
286,2051.0,37,685.0,8,0,南宁,0.21621621621621623,0
287,-1137.69,5,124.8,1,0,南宁,0.2,0
288,-503.84,12,914.12,10,0,南宁,0.8333333333333334,0
289,-212.0,16,910.0,14,0,南宁,0.875,0
290,1454.0,121,1023.5,30,1,南宁,0.24793388429752067,0
291,-555.2,165,1613.0,18,12,南宁,0.10909090909090909,0
292,194.81,16,425.7,14,6,南宁,0.875,0
293,2608.0,56,1833.0,8,3,南宁,0.14285714285714285,0
294,-397.55,27,324.6,5,69,南宁,0.18518518518518517,0
295,165.0,65,1022.0,18,3,南宁,0.27692307692307694,0
296,19.0,6,80.0,5,0,南宁,0.8333333333333334,0
297,29392.55,260,5134.25,34,19,南宁,0.13076923076923078,0
298,-5516.0,443,12553.0,85,4,南宁,0.19187358916478556,0
299,245.0,35,900.0,16,23,南宁,0.45714285714285713,0
300,20249.0,66,980.0,7,6,南宁,0.10606060606060606,0
301,21188.0,165,7340.0,34,10,南宁,0.20606060606060606,0
302,770.93,69,1633.65,14,0,南宁,0.2028985507246377,0
303,-2049.0,42,668.0,16,0,南宁,0.38095238095238093,0
304,-1722.0,16,288.0,4,7,南宁,0.25,0
305,276.37,8,393.85,2,3,南宁,0.25,0
306,38190.0,517,12500.0,62,8,南宁,0.11992263056092843,0
307,81.46,6,203.54,5,6,南宁,0.8333333333333334,0
308,226.0,88,1100.0,17,1,南宁,0.19318181818181818,0
309,-1412.89,16,0.0,0,0,南宁,0.0,0
310,2450.0,89,6239.0,46,0,南宁,0.5168539325842697,0
311,1542.2,276,5478.46,79,0,南宁,0.286231884057971,0
312,567.43,32,823.0,24,0,南宁,0.75,0
313,50.07,30,10838.29,20,2,南宁,0.6666666666666666,0
314,77.75,6,332.71,5,0,南宁,0.8333333333333334,0
315,19937.0,47,0.0,0,0,南宁,0.0,0
316,3344.0,58,2325.0,16,0,南宁,0.27586206896551724,0
317,2151.7,42,3072.5,13,0,南宁,0.30952380952380953,0
318,69722.0,211,7460.0,31,0,南宁,0.14691943127962084,0
319,81.6,64,2541.23,26,0,南宁,0.40625,0
320,-1732.89,35,950.0,15,2,南宁,0.42857142857142855,0
321,2824.0,64,3200.35,54,2,南宁,0.84375,0
322,5585.0,78,1732.0,22,2,南宁,0.28205128205128205,0
323,-3.64,13,1523.2,13,8,南宁,1.0,0
324,-7035.61,64,1300.0,15,3,南宁,0.234375,0
325,-2205.0,77,650.0,15,3,南宁,0.19480519480519481,0
326,-257.71,24,327.2,7,0,南宁,0.2916666666666667,0
327,11601.65,254,5504.2,35,1,南宁,0.1377952755905512,0
328,-135134.03,102,6700.0,39,0,南宁,0.38235294117647056,0
329,157257.05,2000,167357.03,295,9,南宁,0.1475,0
330,221.0,81,3118.0,38,1,南宁,0.4691358024691358,0
331,792087.1,4316,526041.0,688,94,南宁,0.15940685820203893,3
332,-27.0,15,130.0,2,0,南宁,0.13333333333333333,0
333,567.8,121,2291.5,23,0,南宁,0.19008264462809918,0
334,49419.69,526,16032.8,207,2,南宁,0.3935361216730038,0
335,-80.0,60,6400.0,20,0,南宁,0.3333333333333333,0
336,-452.4,26,1240.6,15,0,南宁,0.5769230769230769,0
337,5446.0,50,3017.0,18,0,南宁,0.36,0
338,-1662.44,18,56.35,2,6,南宁,0.1111111111111111,0
339,27173.0,1023,79808.0,129,0,南宁,0.12609970674486803,0
340,-135.0,32,0.0,0,1,南宁,0.0,0
341,1010.0,99,0.0,0,0,南宁,0.0,0
342,-4233.84,17,0.0,0,0,南宁,0.0,0
343,-1564.0,35,815.0,31,0,南宁,0.8857142857142857,0
344,-383.99,25,557.6,8,0,南宁,0.32,0
345,3.0,38,512.0,16,0,南宁,0.42105263157894735,0
346,3342.45,69,3376.0,46,2,南宁,0.6666666666666666,0
347,-2120.6,80,3132.93,18,3,南宁,0.225,0
348,990.74,25,751.56,12,0,南宁,0.48,0
349,1376.39,45,2607.56,40,0,南宁,0.8888888888888888,0
350,-283.09,11,222.69,2,0,南宁,0.18181818181818182,0
351,5010.37,24,111.48,12,0,南宁,0.5,0
352,2552.7,120,3173.98,18,5,南宁,0.15,0
353,-77.0,16,354.0,4,0,南宁,0.25,0
354,719.6,25,1512.85,24,1,南宁,0.96,0
355,1437.0,27,392.0,8,0,南宁,0.2962962962962963,0
356,64.8,128,2000.0,30,0,南宁,0.234375,0
357,13591.0,278,6175.0,57,8,南宁,0.20503597122302158,0
358,2076.56,24,1780.46,13,0,南宁,0.5416666666666666,0
359,-1030.0,47,1140.0,8,0,南宁,0.1702127659574468,0
360,3143.5,70,4386.7,15,0,南宁,0.21428571428571427,0
361,889.97,320,791.93,37,1,南宁,0.115625,0
362,30992.26,66,4422.96,46,5,南宁,0.696969696969697,0
363,5491.8,69,2277.57,29,8,南宁,0.42028985507246375,0
364,45239.0,1500,85748.0,176,0,南宁,0.11733333333333333,0
365,1103.11,11,853.0,7,0,南宁,0.6363636363636364,0
366,37335.52,436,7143.77,73,3,南宁,0.16743119266055045,0
367,5.4,24,473.0,6,0,南宁,0.25,0
368,651.0,124,3825.0,13,0,南宁,0.10483870967741936,0
369,150.41,12,200.0,3,3,南宁,0.25,0
370,6167.0,344,7271.0,43,0,南宁,0.125,0
371,350975.25,395,67298.0,40,6,南宁,0.10126582278481013,3
372,-887.29,12,135.57,8,6,南宁,0.6666666666666666,0
373,15.75,150,1990.0,10,0,南宁,0.06666666666666667,0
374,304.79,3,79.25,2,0,南宁,0.6666666666666666,0
375,92180.0,3155,444547.0,359,3,南宁,0.11378763866877971,0
376,139271.58,589,92319.0,278,10,南宁,0.47198641765704585,0
377,-154.58,5,42.0,4,0,南宁,0.8,0
378,155.51,20,327.26,20,0,南宁,1.0,0
379,737.07,427,7864.27,93,1,南宁,0.21779859484777517,0
380,805.0,117,1921.0,17,1,南宁,0.1452991452991453,0
381,420.0,22,982.0,10,0,南宁,0.45454545454545453,0
382,7781.0,84,4020.0,24,0,南宁,0.2857142857142857,0
383,4032.0,202,4011.0,187,0,南宁,0.9257425742574258,0
384,94233.76,2657,426159.88,1151,14,南宁,0.4331953330824238,0
385,-1331.0,37,835.0,19,0,南宁,0.5135135135135135,0
386,1632.0,20,740.0,6,2,南宁,0.3,0
387,-3855.33,37,4180.42,5,0,南宁,0.13513513513513514,0
388,1440.0,42,769.0,6,0,南宁,0.14285714285714285,0
389,780.36,24,0.0,0,0,南宁,0.0,0
390,9079.0,1214,35700.0,408,15,南宁,0.33607907742998355,0
391,3184.0,197,5465.0,29,5,南宁,0.14720812182741116,0
392,35128.06,703,100251.72,223,41,南宁,0.31721194879089615,0
393,3416.0,120,10108.0,17,0,南宁,0.14166666666666666,0
394,-374.34,22,323.0,7,1,南宁,0.3181818181818182,0
395,-192.0,41,794.0,30,0,南宁,0.7317073170731707,0
396,97803.0,715,43185.0,248,8,南宁,0.34685314685314683,0
397,20015.0,124,6511.0,35,0,南宁,0.28225806451612906,0
398,86.52,54,1818.16,27,0,南宁,0.5,0
399,12028.0,84,5540.0,63,8,南宁,0.75,0
400,4253.58,19,20103.17,15,0,南宁,0.7894736842105263,0
401,247.0,13,0.0,0,0,南宁,0.0,0
402,1089.0,79,1738.0,24,2,南宁,0.3037974683544304,0
403,4848.34,116,4198.87,64,1,南宁,0.5517241379310345,0
404,-2660.0,47,4623.0,43,0,南宁,0.9148936170212766,0
405,58.85,20,508.7,8,0,南宁,0.4,0
406,-21537.0,110,2577.0,30,0,南宁,0.2727272727272727,0
407,123701.0,4588,82992.0,364,0,南宁,0.07933740191804708,0
408,1081.0,116,1776.0,21,7,南宁,0.1810344827586207,0
409,1396.8,14,230.0,8,0,南宁,0.5714285714285714,0
410,368.4,7,409.0,6,0,南宁,0.8571428571428571,0
411,-113.0,79,491.0,10,0,南宁,0.12658227848101267,0
412,-3765.02,15,660.0,10,0,南宁,0.6666666666666666,0
413,2370.0,119,3007.0,41,3,南宁,0.3445378151260504,0
414,1713.0,52,1158.0,12,0,南宁,0.23076923076923078,0
415,89321.44,230,14175.02,71,0,南宁,0.30869565217391304,0
416,223.0,31,0.0,0,0,南宁,0.0,0
417,-9.0,51,1360.0,10,1,南宁,0.19607843137254902,0
418,2605.0,312,17217.0,126,9,南宁,0.40384615384615385,0
419,243.0,5,368.0,5,0,南宁,1.0,0
420,706.21,75,2611.15,22,0,南宁,0.29333333333333333,0
421,12114.0,780,19782.0,122,7,南宁,0.1564102564102564,0
422,2558.0,100,324.0,18,0,南宁,0.18,0
423,20431.05,179,5080.63,55,8,南宁,0.30726256983240224,0
424,5724.0,210,3389.0,59,0,南宁,0.28095238095238095,0
425,317808.0,645,90758.24,600,82,南宁,0.9302325581395349,3
426,77666.0,1657,23840.0,558,12,南宁,0.3367531683765842,0
427,118.27,27,1261.02,6,0,南宁,0.2222222222222222,0
428,1285.78,401,9463.0,56,0,南宁,0.1396508728179551,0
429,466.0,28,1602.0,21,0,南宁,0.75,0
430,3956.2,98,2316.8,21,0,南宁,0.21428571428571427,0
431,862.0,35,533.0,28,0,南宁,0.8,0
432,86394.4,196,9575.0,67,5,南宁,0.34183673469387754,0
433,356.0,31,896.0,10,0,南宁,0.3225806451612903,0
434,-81.6,8,128.18,5,1,南宁,0.625,0
435,210.34,31,1165.28,9,0,南宁,0.2903225806451613,0
436,273.0,80,1073.0,18,2,南宁,0.225,0
437,3119.0,86,2653.0,18,0,南宁,0.20930232558139536,0
438,119.9,60,1582.14,10,2,南宁,0.16666666666666666,0
439,12747.0,176,8078.0,26,2,南宁,0.14772727272727273,0
440,3000.0,58,6847.0,46,3,南宁,0.7931034482758621,0
441,34081.0,119,9484.0,62,0,南宁,0.5210084033613446,0
442,-7835.15,63,1699.78,39,0,南宁,0.6190476190476191,0
443,-29.75,22,620.0,10,2,南宁,0.45454545454545453,0
444,145.45,14,600.0,11,0,南宁,0.7857142857142857,0
445,353.0,13,794.2,7,0,南宁,0.5384615384615384,0
446,3063.13,20,2777.73,13,0,南宁,0.65,0
447,376.9,62,2693.53,14,13,南宁,0.22580645161290322,0
448,-22.49,7,180.63,4,0,南宁,0.5714285714285714,0
449,-10376.0,411,2695.0,56,7,南宁,0.1362530413625304,0
450,-546.33,40,624.75,22,0,南宁,0.55,0
451,419.0,14,211.0,5,0,南宁,0.35714285714285715,0
452,1202.99,62,3391.8,25,0,南宁,0.4032258064516129,0
453,45.0,20,1050.0,9,13,南宁,0.45,0
454,163.0,119,2880.5,75,9,南宁,0.6302521008403361,0
455,1245.0,201,2263.0,53,2,南宁,0.263681592039801,0
456,-39.1,15,315.02,8,3,南宁,0.5333333333333333,0
457,1837.0,39,3150.0,7,3,南宁,0.1794871794871795,0
458,640.0,37,1181.0,12,0,南宁,0.32432432432432434,0
459,-2533.55,24,380.0,6,0,南宁,0.25,0
460,-74.0,8,104.0,4,0,南宁,0.5,0
461,13647.57,230,8265.31,183,0,南宁,0.7956521739130434,0
462,-2014.0,21,1200.0,10,0,南宁,0.47619047619047616,0
463,-161.39,16,22.5,4,0,南宁,0.25,0
464,-10018.71,312,5195.12,52,3,南宁,0.16666666666666666,0
465,4775.83,17,2233.45,12,0,南宁,0.7058823529411765,0
466,17377.0,183,5804.0,50,0,南宁,0.273224043715847,0
467,155.0,15,245.0,9,5,南宁,0.6,0
468,75452.0,351,13100.0,48,40,南宁,0.13675213675213677,0
469,350.0,12,8.0,7,0,南宁,0.5833333333333334,0
470,340.0,74,1039.0,9,3,南宁,0.12162162162162163,0
471,1413.0,56,310.61,26,8,南宁,0.4642857142857143,0
472,-24.0,11,182.0,10,0,南宁,0.9090909090909091,0
473,-1093.94,33,983.61,7,0,南宁,0.21212121212121213,0
474,4025.0,75,4326.0,25,4,南宁,0.3333333333333333,0
475,-1665.5,30,811.0,16,8,南宁,0.5333333333333333,0
476,1603.65,24,224.9,8,0,南宁,0.3333333333333333,0
477,605.81,10,80.0,10,0,南宁,1.0,0
478,28.6,13,755.6,7,2,南宁,0.5384615384615384,0
479,4263.6,84,1954.7,71,6,南宁,0.8452380952380952,0
480,162.5,105,4075.0,80,67,南宁,0.7619047619047619,0
481,-968.0,28,642.0,12,1,南宁,0.42857142857142855,0
482,5637.0,44,2050.0,11,0,南宁,0.25,0
483,155410.0,880,179340.0,165,8,南宁,0.1875,0
484,14371.0,51,3000.0,19,0,南宁,0.37254901960784315,0
485,-527.0,46,3578.0,12,0,南宁,0.2608695652173913,0
486,494.0,20,369.0,18,0,南宁,0.9,0
487,4072.0,1488,3026.0,164,8,南宁,0.11021505376344086,0
488,12293.0,1606,415433.0,413,33,南宁,0.25716064757160645,0
489,24918.0,803,147369.0,116,3,南宁,0.1444582814445828,0
490,101056.0,774,25430.0,198,0,南宁,0.2558139534883721,0
491,62957.85,326,47056.79,56,5,南宁,0.17177914110429449,0
492,44989.0,890,146606.0,383,27,南宁,0.4303370786516854,0
493,42523.0,369,30922.0,167,22,南宁,0.45257452574525747,0
494,7710.9,242,20109.49,41,4,南宁,0.16942148760330578,0
495,13744.0,215,7705.0,46,5,南宁,0.21395348837209302,0
496,60635.0,354,5832.0,71,2,南宁,0.20056497175141244,0
497,83823.0,577,18084.0,60,4,南宁,0.10398613518197573,0
498,5284.76,1178,25491.0,228,10,南宁,0.1935483870967742,0
499,4098.0,203,17782.0,35,7,南宁,0.1724137931034483,0
500,18544.0,200,10810.0,40,0,南宁,0.2,0
501,3770.0,53,12341.0,14,2,南宁,0.2641509433962264,0
502,10616.19,376,9397.88,73,0,南宁,0.19414893617021275,0
503,2998.0,465,8871.0,100,0,南宁,0.21505376344086022,0
504,4475.58,233,5415.1,25,0,南宁,0.1072961373390558,0
505,14584.0,72,7076.0,21,0,南宁,0.2916666666666667,0
506,18438.26,780,10070.0,111,0,南宁,0.1423076923076923,0
507,-13058.0,218,7771.0,29,27,南宁,0.13302752293577982,0
508,29050.0,290,10465.0,49,0,南宁,0.16896551724137931,0
509,6069.0,65,15208.0,23,3,南宁,0.35384615384615387,0
510,154201.45,161,16870.28,30,0,南宁,0.18633540372670807,0
511,30798.0,503,11800.0,59,3,南宁,0.1172962226640159,0
512,2343.84,65,6991.0,7,0,南宁,0.1076923076923077,0
513,7886.0,487,7761.0,150,12,南宁,0.3080082135523614,0
514,5983.0,149,3428.0,20,6,南宁,0.1342281879194631,0
515,384.27,87,5050.0,10,7,南宁,0.11494252873563218,0
516,-3998.89,224,8665.0,30,0,南宁,0.13392857142857142,0
517,11869.0,164,8104.0,58,0,南宁,0.35365853658536583,0
518,7726.21,100,6026.0,12,3,南宁,0.12,0
519,16344.07,90,4881.4,68,0,南宁,0.7555555555555555,0
520,9632.0,185,7414.0,24,0,南宁,0.12972972972972974,0
521,-987.0,56,6721.0,11,6,南宁,0.19642857142857142,0
522,5723.4,185,5860.7,32,14,南宁,0.17297297297297298,0
523,10523.0,122,5575.0,24,4,南宁,0.19672131147540983,0
524,3379.0,71,3467.0,19,2,南宁,0.2676056338028169,0
525,15574.92,78,5854.6,30,0,南宁,0.38461538461538464,0
526,13265.0,104,6250.0,20,2,南宁,0.19230769230769232,0
527,1504.46,75,3920.36,22,0,南宁,0.29333333333333333,0
528,-11048.0,68,1675.0,10,0,南宁,0.14705882352941177,0
529,8098.0,65,880.0,13,5,南宁,0.2,0
530,29671.0,322,6652.0,143,0,南宁,0.4440993788819876,0
531,-82.76,33,2359.4,15,0,南宁,0.45454545454545453,0
532,294.0,103,3079.0,15,0,南宁,0.14563106796116504,0
533,285.0,90,4300.0,42,3,南宁,0.4666666666666667,0
534,15574.0,90,4182.0,18,0,南宁,0.2,0
535,3134.0,95,3958.0,25,1,南宁,0.2631578947368421,0
536,21263.0,130,3621.0,58,2,南宁,0.4461538461538462,0
537,13085.96,182,3725.16,19,4,南宁,0.1043956043956044,0
538,-771.0,58,2903.0,28,2,南宁,0.4827586206896552,0
539,4742.0,61,6374.0,21,3,南宁,0.3442622950819672,0
540,1659.0,238,4574.0,52,2,南宁,0.2184873949579832,0
541,10913.0,71,5690.0,13,1,南宁,0.18309859154929578,0
542,9233.81,207,7365.82,71,1,南宁,0.34299516908212563,0
543,2318.0,198,3394.0,26,0,南宁,0.13131313131313133,0
544,37067.0,43,4412.0,43,0,南宁,1.0,0
545,549.3,79,249.0,8,8,南宁,0.10126582278481013,0
546,-1579.0,138,759.0,20,0,南宁,0.14492753623188406,0
547,1755.0,210,2595.0,21,0,南宁,0.1,0
548,1005.0,104,2861.0,16,0,南宁,0.15384615384615385,0
549,15113.3,132,3535.0,23,0,南宁,0.17424242424242425,0
550,-13434.18,180,3297.92,55,0,南宁,0.3055555555555556,0
551,4679.6,221,5809.0,116,1,南宁,0.5248868778280543,0
552,11917.0,89,4301.0,15,6,南宁,0.16853932584269662,0
553,107165.0,270,3670.0,82,5,南宁,0.3037037037037037,0
554,48.0,210,5779.0,45,0,南宁,0.21428571428571427,0
555,2759.0,109,3158.0,35,0,南宁,0.3211009174311927,0
556,5189.25,58,1566.26,43,0,南宁,0.7413793103448276,0
557,500.0,20,520.86,5,0,南宁,0.25,0
558,4074.0,138,3152.0,35,0,南宁,0.2536231884057971,0
559,615.25,42,1106.9,11,11,南宁,0.2619047619047619,0
560,1119.0,49,200.0,6,0,南宁,0.12244897959183673,0
561,519.0,119,5183.0,98,0,南宁,0.8235294117647058,0
562,335.45,53,2017.7,40,7,南宁,0.7547169811320755,0
563,3614.0,105,2506.0,75,2,南宁,0.7142857142857143,0
564,-237.0,45,205.0,6,0,南宁,0.13333333333333333,0
565,5468.05,45,3999.77,16,5,南宁,0.35555555555555557,0
566,1101.0,41,1414.0,11,0,南宁,0.2682926829268293,0
567,569.0,108,2320.0,28,16,南宁,0.25925925925925924,0
568,196.78,69,2315.63,12,0,南宁,0.17391304347826086,0
569,32.98,120,693.68,20,0,南宁,0.16666666666666666,0
570,-978.0,42,3383.0,8,1,南宁,0.19047619047619047,0
571,472.81,95,770.86,23,1,南宁,0.24210526315789474,0
572,1408.0,23,785.23,9,8,南宁,0.391304347826087,0
573,90.0,80,1200.0,10,0,南宁,0.125,0
574,1256.0,30,3578.0,5,8,南宁,0.16666666666666666,0
575,15.3,13,1401.3,8,0,南宁,0.6153846153846154,0
576,83766.0,41,30939.0,27,0,南宁,0.6585365853658537,0
577,445.0,90,240.0,15,3,南宁,0.16666666666666666,0
578,-1479.9,128,2107.15,33,0,南宁,0.2578125,0
579,-3065.0,98,1710.0,62,6,南宁,0.6326530612244898,0
580,2016.0,21,40.0,3,2,南宁,0.14285714285714285,0
581,844.71,39,900.43,11,10,南宁,0.28205128205128205,0
582,-10569.0,50,700.0,16,0,南宁,0.32,0
583,2721.39,70,2330.97,23,2,南宁,0.32857142857142857,0
584,-8230.0,83,3480.0,35,0,南宁,0.42168674698795183,0
585,427.66,50,450.93,10,4,南宁,0.2,0
586,4088.0,81,1385.0,18,3,南宁,0.2222222222222222,0
587,416.81,68,265.0,9,0,南宁,0.1323529411764706,0
588,506.0,22,2201.0,8,8,南宁,0.36363636363636365,0
589,191.0,87,1267.0,22,0,南宁,0.25287356321839083,0
590,1534.49,56,1200.0,13,1,南宁,0.23214285714285715,0
591,2620.0,68,1687.2,44,2,南宁,0.6470588235294118,0
592,961.32,90,1168.36,15,0,南宁,0.16666666666666666,0
593,1004.0,16,1398.0,8,0,南宁,0.5,0
594,2554.85,45,1589.0,32,0,南宁,0.7111111111111111,0
595,345.76,66,850.0,9,0,南宁,0.13636363636363635,0
596,8409.8,265,1000.0,58,0,南宁,0.2188679245283019,0
597,-18.78,16,457.02,7,0,南宁,0.4375,0
598,-277.0,18,300.0,6,0,南宁,0.3333333333333333,0
599,672.0,58,843.4,13,0,南宁,0.22413793103448276,0
600,776.0,19,3762.0,17,0,南宁,0.8947368421052632,0
601,317.0,40,469.0,5,4,南宁,0.125,0
602,118.84,20,1770.76,6,0,南宁,0.3,0
603,81.0,42,700.0,12,0,南宁,0.2857142857142857,0
604,-3279.16,332,2300.0,48,0,南宁,0.14457831325301204,0
605,1524.0,57,3524.0,36,5,南宁,0.631578947368421,0
606,745.0,62,1130.0,35,7,南宁,0.5645161290322581,0
607,544.3,14,270.0,5,8,南宁,0.35714285714285715,0
608,566.31,50,1801.54,25,6,南宁,0.5,0
609,153.33,60,828.0,30,0,南宁,0.5,0
610,634.88,51,882.69,41,0,南宁,0.803921568627451,0
611,-521.83,45,552.7,12,6,南宁,0.26666666666666666,0
612,2596.83,13,1025.95,13,0,南宁,1.0,0
613,-57.0,24,374.0,5,3,南宁,0.20833333333333334,0
614,-704.0,49,1032.0,12,0,南宁,0.24489795918367346,0
615,641.68,36,1606.63,18,6,南宁,0.5,0
616,-1843.0,42,1500.0,10,0,南宁,0.23809523809523808,0
617,-81.0,22,8.0,16,0,南宁,0.7272727272727273,0
618,171.4,14,130.0,8,0,南宁,0.5714285714285714,0
619,1258.55,35,1045.45,10,0,南宁,0.2857142857142857,0
620,-225.24,38,107.3,12,0,南宁,0.3157894736842105,0
621,237.32,9,3243.31,9,5,南宁,1.0,0
622,-3380.0,43,5348.0,30,1,南宁,0.6976744186046512,0
623,86.0,39,780.0,19,0,南宁,0.48717948717948717,0
624,-603.0,36,585.0,5,0,南宁,0.1388888888888889,0
625,552.6,30,2154.4,25,0,南宁,0.8333333333333334,0
626,-1067.0,62,564.0,15,6,南宁,0.24193548387096775,0
627,674.7,9,295.9,6,0,南宁,0.6666666666666666,0
628,211.0,16,456.4,16,7,南宁,1.0,0
629,413.0,19,4210.0,11,2,南宁,0.5789473684210527,0
630,187.0,20,1600.0,20,0,南宁,1.0,0
631,2083.55,47,654.0,28,0,南宁,0.5957446808510638,0
632,17.0,20,220.0,8,0,南宁,0.4,0
633,50.55,18,534.0,6,0,南宁,0.3333333333333333,0
634,-226.78,12,373.2,12,0,南宁,1.0,0
635,614.58,12,1087.15,3,0,南宁,0.25,0
636,125.0,8,1044.0,4,6,南宁,0.5,0
637,-17.16,6,101.25,3,0,南宁,0.5,0
638,418.61,40,589.21,9,25,南宁,0.225,0
639,138.17,12,499.6,8,0,南宁,0.6666666666666666,0
640,3113.0,73,3559.0,24,0,南宁,0.3287671232876712,0
641,94.43,25,1623.71,16,0,南宁,0.64,0
642,132.33,28,1091.76,10,0,南宁,0.35714285714285715,0
643,1254.0,25,880.0,12,0,南宁,0.48,0
644,252.75,42,339.0,10,10,南宁,0.23809523809523808,0
645,-32.0,15,200.0,10,0,南宁,0.6666666666666666,0
646,45.22,35,500.0,5,5,南宁,0.14285714285714285,0
647,-689.83,15,983.59,8,0,南宁,0.5333333333333333,0
648,238.76,36,79.0,7,5,南宁,0.19444444444444445,0
649,-101.0,16,897.0,8,1,南宁,0.5,0
650,-65.8,6,10.0,1,0,南宁,0.16666666666666666,0
651,366.01,19,305.5,9,0,南宁,0.47368421052631576,0
652,221.1,25,373.33,20,0,南宁,0.8,0
653,364.75,19,1580.2,7,0,南宁,0.3684210526315789,0
654,975.87,18,550.82,5,0,南宁,0.2777777777777778,0
655,267.32,20,400.0,8,0,南宁,0.4,0
656,-129.0,39,3460.0,7,9,南宁,0.1794871794871795,0
657,-2215.11,40,282.6,11,0,南宁,0.275,0
658,115.98,10,466.41,6,1,南宁,0.6,0
659,2414.58,21,121.17,3,0,南宁,0.14285714285714285,0
660,-582.0,20,464.0,15,0,南宁,0.75,0
661,129.0,28,1980.0,12,0,南宁,0.42857142857142855,0
662,-261.35,18,194.17,14,0,南宁,0.7777777777777778,0
663,-16.19,12,131.5,6,0,南宁,0.5,0
664,198.89,20,480.0,17,0,南宁,0.85,0
665,35.67,20,323.7,17,0,南宁,0.85,0
666,5047.84,105,2643.0,16,11,南宁,0.1523809523809524,0
667,887.0,13,0.0,0,0,南宁,0.0,0
668,92.21,11,272.16,5,0,南宁,0.45454545454545453,0
669,847.77,13,555.7,10,0,南宁,0.7692307692307693,0
670,-1.0,11,185.0,8,5,南宁,0.7272727272727273,0
671,-2287.27,25,1136.4,18,3,南宁,0.72,0
672,179.0,8,210.0,6,0,南宁,0.75,0
673,-102.14,22,420.9,8,0,南宁,0.36363636363636365,0
674,1060.03,14,617.52,8,0,南宁,0.5714285714285714,0
675,201.34,29,893.0,22,0,南宁,0.7586206896551724,0
676,-112.95,18,720.52,13,0,南宁,0.7222222222222222,0
677,-935.85,10,17.0,10,0,南宁,1.0,0
678,-282.73,8,384.0,5,0,南宁,0.625,0
679,45.01,9,496.62,7,2,南宁,0.7777777777777778,0
680,1793.0,20,1352.0,12,0,南宁,0.6,0
681,-1884.26,28,1235.8,13,0,南宁,0.4642857142857143,0
682,382.57,22,0.0,0,0,南宁,0.0,0
683,-113.63,30,1215.0,10,1,南宁,0.3333333333333333,0
684,254.0,18,187.0,5,0,南宁,0.2777777777777778,0
685,324.0,9,358.7,8,6,南宁,0.8888888888888888,0
686,-202.0,8,100.0,5,0,南宁,0.625,0
687,47.1,14,195.28,13,0,南宁,0.9285714285714286,0
688,-123.0,3,0.0,0,1,南宁,0.0,0
689,-428.0,16,40.0,5,0,南宁,0.3125,0
690,-1826.8,2,371.0,2,0,南宁,1.0,0
691,355.5,20,104.77,8,0,南宁,0.4,0
692,283.79,15,703.04,8,0,南宁,0.5333333333333333,0
693,231.0,14,250.0,9,8,南宁,0.6428571428571429,0
694,-68.31,13,60.0,4,0,南宁,0.3076923076923077,0
695,653.8,8,77.0,5,0,南宁,0.625,0
696,47.35,14,372.29,5,0,南宁,0.35714285714285715,0
697,20.77,5,25.2,5,6,南宁,1.0,0
698,22.35,21,185.1,8,10,南宁,0.38095238095238093,0
699,64.0,18,1009.0,11,0,南宁,0.6111111111111112,0
700,136.0,15,135.0,12,0,南宁,0.8,0
701,4.07,3,32.0,3,7,南宁,1.0,0
702,-9.2,4,85.0,4,5,南宁,1.0,0
703,318.47,20,200.12,8,0,南宁,0.4,0
704,-152.26,12,51.76,7,0,南宁,0.5833333333333334,0
705,-137.18,23,210.0,10,0,南宁,0.43478260869565216,0
706,-369.67,8,178.55,5,6,南宁,0.625,0
707,106.51,6,190.0,6,0,南宁,1.0,0
708,23.87,3,28.0,3,0,南宁,1.0,0
709,-180.35,12,66.4,5,0,南宁,0.4166666666666667,0
710,-1246.0,16,450.0,2,9,南宁,0.125,0
711,0.0,10,360.0,10,0,南宁,1.0,0
712,0.98,10,166.9,3,0,南宁,0.3,0
713,102.45,16,700.0,8,1,南宁,0.5,0
714,59.0,10,383.0,5,0,南宁,0.5,0
715,23.33,95,2101.98,26,3,南宁,0.2736842105263158,0
716,-59.0,7,25.0,3,10,南宁,0.42857142857142855,0
717,-73.0,15,65.0,4,10,南宁,0.26666666666666666,0
718,-3.87,8,82.0,5,2,南宁,0.625,0
719,-70.0,17,192.0,11,6,南宁,0.6470588235294118,0
720,-1180.0,11,248.0,9,0,南宁,0.8181818181818182,0
721,-180.06,7,323.0,4,1,南宁,0.5714285714285714,0
722,-880.5,30,803.0,27,0,南宁,0.9,0
723,-55.1,8,330.0,6,0,南宁,0.75,0
724,-2509.0,82,1382.0,48,1,南宁,0.5853658536585366,0
725,19.0,12,120.0,5,1,南宁,0.4166666666666667,0
726,-3.2,14,65.7,5,0,南宁,0.35714285714285715,0
727,34.03,5,196.8,5,0,南宁,1.0,0
728,-556.0,7,120.0,4,0,南宁,0.5714285714285714,0
729,210.83,4,43.18,4,0,南宁,1.0,0
730,-110.62,9,50.5,7,0,南宁,0.7777777777777778,0
731,-19.0,7,42.0,5,0,南宁,0.7142857142857143,0
732,-49.62,8,222.46,4,8,南宁,0.5,0
733,491.0,8,2655.0,8,0,南宁,1.0,0
734,-101.3,7,230.0,2,25,南宁,0.2857142857142857,0
735,-128.0,5,189.0,5,0,南宁,1.0,0
736,33.9,3,90.1,2,0,南宁,0.6666666666666666,0
737,53.8,8,54.0,5,0,南宁,0.625,0
738,-544.89,18,234.68,11,0,南宁,0.6111111111111112,0
739,-275.0,9,172.0,6,0,南宁,0.6666666666666666,0
740,-10.0,35,661.0,15,0,南宁,0.42857142857142855,0
741,-105.0,8,83.0,4,0,南宁,0.5,0
742,20.0,6,101.0,6,1,南宁,1.0,0
743,-104.78,6,1.68,3,0,南宁,0.5,0
744,-14.07,6,113.85,4,3,南宁,0.6666666666666666,0
745,-291.0,16,400.0,6,8,南宁,0.375,0
746,-480.34,22,0.0,0,0,南宁,0.0,0
747,-3091.22,33,562.52,15,0,柳州,0.45454545454545453,0
748,-877.35,218,3625.32,31,4,柳州,0.14220183486238533,0
749,5573.8,215,7660.03,45,14,柳州,0.20930232558139536,0
750,5637.0,105,3164.0,29,1,柳州,0.2761904761904762,0
751,1406.0,135,4501.0,60,0,柳州,0.4444444444444444,0
752,-10871.0,292,2973.0,39,3,柳州,0.13356164383561644,0
753,-14859.0,1064,14963.0,123,11,柳州,0.1156015037593985,0
754,2824.0,341,14676.0,80,2,柳州,0.23460410557184752,0
755,482.0,9,220.0,8,0,柳州,0.8888888888888888,0
756,-576.0,61,2450.0,28,8,柳州,0.45901639344262296,0
757,3393.0,235,500.0,8,1,柳州,0.03404255319148936,0
758,496.71,18,795.0,17,3,柳州,0.9444444444444444,0
759,1320.0,188,8138.0,35,6,柳州,0.18617021276595744,0
760,-2536.0,42,556.0,6,0,柳州,0.14285714285714285,0
761,300.0,43,1354.0,11,2,柳州,0.2558139534883721,0
762,-11901.0,90,3330.0,13,1,柳州,0.14444444444444443,0
763,4159.0,365,1483.0,46,0,柳州,0.12602739726027398,0
764,57487.13,935,44586.0,187,2,柳州,0.2,0
765,1248.0,56,1936.0,27,0,柳州,0.48214285714285715,0
766,103.82,25,447.3,13,0,柳州,0.52,0
767,18533.0,1100,7466.0,12,0,柳州,0.01090909090909091,0
768,8600.0,214,4733.0,24,0,柳州,0.11214953271028037,0
769,10.0,37,510.0,7,0,柳州,0.1891891891891892,0
770,656.82,32,420.0,9,6,柳州,0.28125,0
771,308.0,97,2436.0,18,22,柳州,0.18556701030927836,0
772,24296.0,973,28688.0,188,4,柳州,0.1932168550873587,0
773,2080.26,73,1963.05,27,1,柳州,0.3698630136986301,0
774,392094.0,861,57173.0,188,59,柳州,0.2183507549361208,3
775,3066.0,184,6264.0,31,2,柳州,0.16847826086956522,0
776,-3119.08,64,9481.0,17,5,柳州,0.265625,0
777,6611.97,74,3230.84,14,0,柳州,0.1891891891891892,0
778,4938.0,255,6046.0,43,9,柳州,0.16862745098039217,0
779,418.48,20,531.4,10,0,柳州,0.5,0
780,20220.0,289,13899.0,30,0,柳州,0.10380622837370242,0
781,3323.5,41,3278.0,11,0,柳州,0.2682926829268293,0
782,3630.16,11,325.0,11,0,柳州,1.0,0
783,1390.0,78,1080.0,16,1,柳州,0.20512820512820512,0
784,27793.77,75,2452.0,10,4,柳州,0.13333333333333333,0
785,-1130.46,47,979.21,11,1,柳州,0.23404255319148937,0
786,6072.0,102,4211.0,39,0,柳州,0.38235294117647056,0
787,57389.0,2981,80167.0,786,4,柳州,0.263669909426367,0
788,5627.0,615,11630.0,104,9,柳州,0.16910569105691056,0
789,343.45,14,498.0,14,1,柳州,1.0,0
790,-2038.16,2,134.59,1,0,柳州,0.5,0
791,-4054.0,117,1336.5,23,0,柳州,0.19658119658119658,0
792,1137.8,11,342.0,6,0,柳州,0.5454545454545454,0
793,-1223.0,35,880.0,13,0,柳州,0.37142857142857144,0
794,362.0,40,260.0,13,0,柳州,0.325,0
795,20663.0,183,5119.8,42,5,柳州,0.22950819672131148,0
796,-243.0,23,172.0,8,1,柳州,0.34782608695652173,0
797,21.4,8,261.0,4,0,柳州,0.5,0
798,946.0,30,150.0,20,11,柳州,0.6666666666666666,0
799,12.0,15,130.0,3,0,柳州,0.2,0
800,2041.2,21,816.0,16,3,柳州,0.7619047619047619,0
801,-9.43,8,120.0,4,0,柳州,0.5,0
802,47.0,24,195.0,7,0,柳州,0.2916666666666667,0
803,35.0,33,1547.0,15,0,柳州,0.45454545454545453,0
804,12593.0,79,5570.0,8,4,柳州,0.10126582278481013,0
805,-1524.0,125,100.0,13,0,柳州,0.104,0
806,76633.0,167,47299.0,40,6,柳州,0.23952095808383234,0
807,60.0,20,338.0,8,5,柳州,0.4,0
808,1308.0,152,10950.0,28,3,柳州,0.18421052631578946,0
809,-165.64,8,130.0,4,2,柳州,0.5,0
810,6873.0,90,1860.0,12,6,柳州,0.13333333333333333,0
811,36.66,17,285.85,11,0,柳州,0.6470588235294118,0
812,5457.13,65,3348.85,27,0,柳州,0.4153846153846154,0
813,-34.0,48,1743.0,13,2,柳州,0.2708333333333333,0
814,1480.0,127,771.0,15,0,柳州,0.11811023622047244,0
815,-5396.0,127,750.0,14,0,柳州,0.11023622047244094,0
816,12539.04,202,15291.92,59,11,柳州,0.29207920792079206,0
817,-1300.0,64,1200.0,12,0,柳州,0.1875,0
818,383.0,47,70.0,7,0,柳州,0.14893617021276595,0
819,9409.0,207,46.0,25,0,柳州,0.12077294685990338,0
820,85952.0,1459,30626.0,159,2,柳州,0.10897875257025359,0
821,4593.0,218,9182.4,48,6,柳州,0.22018348623853212,0
822,13500.0,374,20621.0,38,7,柳州,0.10160427807486631,0
823,-14621.0,128,1269.0,15,8,柳州,0.1171875,0
824,-178715.4,656,73831.34,74,17,柳州,0.11280487804878049,0
825,45.0,11,183.0,4,0,柳州,0.36363636363636365,0
826,-315.0,246,19931.0,30,0,柳州,0.12195121951219512,0
827,923.34,135,2908.74,36,2,柳州,0.26666666666666666,0
828,-374.7,14,330.0,13,0,柳州,0.9285714285714286,0
829,297.0,225,6755.0,113,1,柳州,0.5022222222222222,0
830,-206.41,61,786.99,40,0,柳州,0.6557377049180327,0
831,107.0,19,1380.0,19,10,柳州,1.0,0
832,243.09,10,250.0,10,0,柳州,1.0,0
833,276.0,96,7446.0,32,0,柳州,0.3333333333333333,0
834,840.5,15,449.4,7,0,柳州,0.4666666666666667,0
835,-306.0,14,635.0,11,8,柳州,0.7857142857142857,0
836,1651.95,38,1717.0,26,0,柳州,0.6842105263157895,0
837,37.62,30,50.0,3,0,柳州,0.1,0
838,94.4,6,192.7,6,0,柳州,1.0,0
839,14.0,65,920.0,9,0,柳州,0.13846153846153847,0
840,197.8,10,1180.0,10,0,柳州,1.0,0
841,7.12,12,968.89,11,20,柳州,0.9166666666666666,0
842,58.0,36,327.0,12,0,柳州,0.3333333333333333,0
843,2975.0,377,9013.0,40,4,柳州,0.10610079575596817,0
844,1778.12,94,1544.9,12,1,柳州,0.1276595744680851,0
845,-6748.0,450,11192.0,56,6,柳州,0.12444444444444444,0
846,-4006.0,112,1344.0,14,0,柳州,0.125,0
847,12701.0,390,12240.0,109,15,柳州,0.2794871794871795,0
848,3206.0,510,1900.0,80,0,柳州,0.1568627450980392,0
849,-10.6,7,150.0,7,0,柳州,1.0,0
850,6964.0,251,6587.0,113,0,柳州,0.450199203187251,0
851,-2210.0,130,2700.0,21,1,柳州,0.16153846153846155,0
852,-5929.0,468,5490.0,56,0,柳州,0.11965811965811966,0
853,-4042.0,163,8500.6,18,0,柳州,0.11042944785276074,0
854,1146.71,9,1288.21,8,0,柳州,0.8888888888888888,0
855,6499.0,83,1185.0,5,0,柳州,0.060240963855421686,0
856,158.0,70,591.0,11,1,柳州,0.15714285714285714,0
857,115.0,90,2100.0,10,1,柳州,0.1111111111111111,0
858,17651.0,265,9106.0,20,3,柳州,0.07547169811320754,0
859,350.0,68,1185.0,13,0,柳州,0.19117647058823528,0
860,1670.0,21,470.0,6,6,柳州,0.2857142857142857,0
861,695.0,210,5669.0,21,0,柳州,0.1,0
862,1089.0,42,3805.0,12,4,柳州,0.2857142857142857,0
863,4936.0,182,9240.0,35,0,柳州,0.19230769230769232,0
864,3457.0,58,5359.0,6,2,柳州,0.10344827586206896,0
865,776.17,114,2261.75,27,0,柳州,0.23684210526315788,0
866,-1279.0,39,2784.0,32,0,柳州,0.8205128205128205,0
867,-305.0,39,1037.0,9,7,柳州,0.23076923076923078,0
868,2487.0,82,475.0,11,0,柳州,0.13414634146341464,0
869,832.0,182,4007.0,35,8,柳州,0.19230769230769232,0
870,-0.3,7,235.0,7,9,柳州,1.0,0
871,9712.0,80,9621.0,39,10,柳州,0.4875,0
872,-5662.0,128,3299.0,38,0,柳州,0.296875,0
873,1147.0,14,118.0,5,0,柳州,0.35714285714285715,0
874,2935.94,83,10680.0,36,0,柳州,0.43373493975903615,0
875,-243.7,6,270.0,6,0,柳州,1.0,0
876,-11.0,9,93.0,4,0,柳州,0.4444444444444444,0
877,80483.0,440,8010.0,60,5,柳州,0.13636363636363635,0
878,-587.44,48,352.85,10,0,柳州,0.20833333333333334,0
879,8525.0,380,4700.0,45,1,柳州,0.11842105263157894,0
880,44.6,63,2613.17,49,0,柳州,0.7777777777777778,0
881,-16935.0,320,500.0,32,1,柳州,0.1,0
882,1107.0,46,1230.0,6,5,柳州,0.13043478260869565,0
883,11308.0,69,2875.0,15,0,柳州,0.21739130434782608,0
884,-59351.5,461,16188.0,58,0,柳州,0.12581344902386118,0
885,-26.0,55,2010.0,27,0,柳州,0.4909090909090909,0
886,12227.0,123,4087.0,35,3,柳州,0.2845528455284553,0
887,66.98,8,80.0,3,0,柳州,0.375,0
888,34.0,9,200.0,5,1,柳州,0.5555555555555556,0
889,8661.0,526,24163.0,76,0,柳州,0.1444866920152091,0
890,364.22,57,423.84,17,0,柳州,0.2982456140350877,0
891,34.3,35,858.0,14,4,柳州,0.4,0
892,878.0,25,1629.0,12,2,柳州,0.48,0
893,108659.0,805,105232.0,155,4,柳州,0.19254658385093168,0
894,583.97,31,983.12,15,0,柳州,0.4838709677419355,0
895,4262.0,60,1896.0,19,1,柳州,0.31666666666666665,0
896,511.0,38,320.0,9,0,柳州,0.23684210526315788,0
897,99.0,55,175.0,6,4,柳州,0.10909090909090909,0
898,1435.0,62,2568.0,16,8,柳州,0.25806451612903225,0
899,1069.0,65,873.0,11,3,柳州,0.16923076923076924,0
900,1883.0,43,325.0,13,0,柳州,0.3023255813953488,0
901,2258.0,72,1207.0,18,7,柳州,0.25,0
902,260.0,10,400.0,8,0,柳州,0.8,0
903,1056.0,101,523.0,12,0,柳州,0.1188118811881188,0
904,185.79,9,303.12,9,2,柳州,1.0,0
905,87.6,6,90.0,3,0,柳州,0.5,0
906,-3925.0,178,2373.0,37,0,柳州,0.20786516853932585,0
907,-323.5,37,410.6,5,3,柳州,0.13513513513513514,0
908,138.41,30,492.0,8,0,柳州,0.26666666666666666,0
909,8119.0,402,8110.0,45,14,柳州,0.11194029850746269,0
910,-3506.0,319,1030.0,32,0,柳州,0.10031347962382445,0
911,-60.19,156,360.0,16,0,柳州,0.10256410256410256,0
912,-464.0,38,300.0,10,0,柳州,0.2631578947368421,0
913,3445.0,351,3756.0,96,3,柳州,0.27350427350427353,0
914,13858.2,297,2650.0,45,1,柳州,0.15151515151515152,0
915,6.93,20,1198.25,5,0,柳州,0.25,0
916,25705.0,920,28420.0,92,4,柳州,0.1,0
917,-2598.63,7,120.3,7,0,柳州,1.0,0
918,346.66,52,540.21,10,9,柳州,0.19230769230769232,0
919,3475.8,90,2720.0,35,1,柳州,0.3888888888888889,0
920,-80.0,130,317.0,25,2,柳州,0.19230769230769232,0
921,-52.89,10,52.49,5,0,柳州,0.5,0
922,598.48,36,5507.55,25,0,柳州,0.6944444444444444,0
923,-4947.0,96,1596.0,15,6,柳州,0.15625,0
924,-1424.0,96,1126.0,38,3,柳州,0.3958333333333333,0
925,759.99,55,143.6,16,2,柳州,0.2909090909090909,0
926,474.7,15,150.0,15,10,柳州,1.0,0
927,-4578.94,576,9049.0,27,19,柳州,0.046875,0
928,246.29,10,108.7,5,0,柳州,0.5,0
929,-1537.0,30,525.0,8,0,柳州,0.26666666666666666,0
930,-50.51,11,272.91,3,0,柳州,0.2727272727272727,0
931,9860.54,68,3883.12,11,0,柳州,0.16176470588235295,0
932,4551.0,13,2400.0,8,0,柳州,0.6153846153846154,0
933,20.4,101,1682.9,26,0,柳州,0.25742574257425743,0
934,406.56,39,929.76,11,0,柳州,0.28205128205128205,0
935,-325.0,109,1657.0,11,0,柳州,0.10091743119266056,0
936,-566.7,41,1087.4,11,0,柳州,0.2682926829268293,0
937,-2253.0,194,7595.0,20,0,柳州,0.10309278350515463,0
938,634.95,31,464.3,8,3,柳州,0.25806451612903225,0
939,1052.0,310,1068.0,33,0,柳州,0.1064516129032258,0
940,189.0,25,656.4,15,5,柳州,0.6,0
941,-3.78,12,350.0,7,0,柳州,0.5833333333333334,0
942,-25.54,7,200.0,3,3,柳州,0.42857142857142855,0
943,8031.0,335,3956.0,34,0,柳州,0.10149253731343283,0
944,6342.0,30,2350.0,25,0,柳州,0.8333333333333334,0
945,865984.06,8520,418406.2,862,297,柳州,0.10117370892018779,3
946,14490.0,614,10350.0,186,17,柳州,0.30293159609120524,0
947,-1806.0,91,569.0,13,0,柳州,0.14285714285714285,0
948,-38.0,9,30.0,6,2,柳州,0.6666666666666666,0
949,36.7,15,169.5,5,0,柳州,0.3333333333333333,0
950,11774.0,86,7582.0,15,7,柳州,0.1744186046511628,0
951,-28115.0,160,1893.0,30,0,柳州,0.1875,0
952,-1502.42,53,1013.16,7,0,柳州,0.1320754716981132,0
953,-24.0,176,1006.0,20,0,柳州,0.11363636363636363,0
954,322.0,108,4667.0,48,3,柳州,0.4444444444444444,0
955,2728.98,32,1464.0,8,0,柳州,0.25,0
956,774.0,29,418.0,8,1,柳州,0.27586206896551724,0
957,168.94,15,163.02,8,1,柳州,0.5333333333333333,0
958,73.0,118,397.0,11,0,柳州,0.09322033898305085,0
959,380.0,377,23200.0,66,7,柳州,0.17506631299734748,0
960,6374.0,422,15630.0,50,4,柳州,0.11848341232227488,0
961,39164.0,714,20320.0,85,12,柳州,0.11904761904761904,0
962,168885.0,2411,52465.11,292,0,柳州,0.12111157196184157,0
963,-11431.0,257,4339.8,44,0,柳州,0.17120622568093385,0
964,-4.51,7,232.6,5,0,柳州,0.7142857142857143,0
965,-47.0,18,59.0,12,1,柳州,0.6666666666666666,0
966,21.06,6,213.92,6,0,柳州,1.0,0
967,47.64,10,4200.0,7,1,柳州,0.7,0
968,15.63,12,113.0,3,6,柳州,0.25,0
969,11508.0,272,6939.0,25,4,柳州,0.09191176470588236,0
970,443.81,25,2970.53,25,10,柳州,1.0,0
971,27.31,9,108.7,5,0,柳州,0.5555555555555556,0
972,1379.0,32,2031.0,26,0,柳州,0.8125,0
973,101.77,25,923.4,12,0,柳州,0.48,0
974,259.5,30,384.35,5,0,柳州,0.16666666666666666,0
975,134.12,20,773.0,10,0,柳州,0.5,0
976,-515.3,14,330.0,5,0,柳州,0.35714285714285715,0
977,181.0,8,501.0,5,0,柳州,0.625,0
978,1191.99,15,5600.0,13,5,柳州,0.8666666666666667,0
979,-96.43,15,2.83,5,0,柳州,0.3333333333333333,0
980,-25.0,53,28.36,3,1,柳州,0.05660377358490566,0
981,-26778.71,260,11634.44,56,2,柳州,0.2153846153846154,0
982,646.0,40,1110.0,40,0,柳州,1.0,0
983,269.51,80,1635.0,10,0,柳州,0.125,0
984,-68.3,4,27.0,4,0,柳州,1.0,0
985,6282.0,335,5096.0,41,0,柳州,0.12238805970149254,0
986,1692.0,190,5350.0,28,3,柳州,0.14736842105263157,0
987,-184.74,5,5.0,5,0,柳州,1.0,0
988,167.0,17,1102.0,5,0,柳州,0.29411764705882354,0
989,25.35,6,37.4,5,0,柳州,0.8333333333333334,0
990,25.38,65,1433.88,7,0,柳州,0.1076923076923077,0
991,68.66,12,270.0,8,0,柳州,0.6666666666666666,0
992,-69.65,5,317.49,5,0,柳州,1.0,0
993,93.42,16,400.0,8,0,柳州,0.5,0
994,-9.0,11,360.0,8,2,柳州,0.7272727272727273,0
995,-242.01,9,143.7,3,0,柳州,0.3333333333333333,0
996,-67.0,7,280.0,7,7,柳州,1.0,0
997,5355.44,75,3340.0,12,3,柳州,0.16,0
998,242.77,6,268.68,6,1,柳州,1.0,0
999,121.9,25,247.8,6,0,柳州,0.24,0
1000,-3073.0,151,3150.0,31,2,柳州,0.2052980132450331,0
1001,-0.7,14,427.3,5,0,柳州,0.35714285714285715,0
1002,1477.3,300,2308.2,285,5,柳州,0.95,0
1003,-2241.0,172,1577.0,29,3,柳州,0.1686046511627907,0
1004,539.21,15,15.0,5,2,柳州,0.3333333333333333,0
1005,-81.2,6,345.86,6,0,柳州,1.0,0
1006,-4755.0,278,1097.0,28,0,柳州,0.10071942446043165,0
1007,277.28,10,446.1,10,2,柳州,1.0,0
1008,44.0,8,300.0,8,10,柳州,1.0,0
1009,50.55,20,325.37,10,0,柳州,0.5,0
1010,-6491.0,68,6450.0,21,6,柳州,0.3088235294117647,0
1011,165.0,33,1370.0,5,0,柳州,0.15151515151515152,0
1012,-250.53,10,457.0,10,11,柳州,1.0,0
1013,162.0,22,338.0,7,0,柳州,0.3181818181818182,0
1014,104.0,12,41.0,10,0,柳州,0.8333333333333334,0
1015,-929.67,15,456.5,3,0,柳州,0.2,0
1016,263983.0,4474,330630.0,619,124,柳州,0.13835493965131873,3
1017,2262.0,33,334.0,10,7,柳州,0.30303030303030304,0
1018,132.78,9,370.7,6,11,柳州,0.6666666666666666,0
1019,-145.05,8,91.44,7,7,柳州,0.875,0
1020,-32.18,20,83.0,5,0,柳州,0.25,0
1021,12.81,11,177.0,8,8,柳州,0.7272727272727273,0
1022,808.0,66,3651.0,9,0,柳州,0.13636363636363635,0
1023,508.0,16,1271.0,7,1,柳州,0.4375,0
1024,2765.0,78,2651.0,20,2,柳州,0.2564102564102564,0
1025,257.0,17,474.69,5,0,柳州,0.29411764705882354,0
1026,1528.0,60,1510.0,13,0,柳州,0.21666666666666667,0
1027,-549.03,19,400.0,7,1,柳州,0.3684210526315789,0
1028,6486.0,38,3966.0,21,0,柳州,0.5526315789473685,0
1029,-151.53,3,18.2,2,0,柳州,0.6666666666666666,0
1030,2106.0,85,1012.0,9,0,柳州,0.10588235294117647,0
1031,-253.88,7,140.0,7,5,柳州,1.0,0
1032,10.0,15,155.0,5,0,柳州,0.3333333333333333,0
1033,-616.65,25,95.0,16,14,柳州,0.64,0
1034,1952.0,92,7000.0,23,11,柳州,0.25,0
1035,495.02,20,204.0,5,0,柳州,0.25,0
1036,260.0,50,2355.0,15,1,柳州,0.3,0
1037,-348.1,10,99.4,10,0,柳州,1.0,0
1038,5144.0,329,5810.0,39,0,柳州,0.11854103343465046,0
1039,76.13,9,239.0,7,0,柳州,0.7777777777777778,0
1040,-114.13,12,831.52,10,6,柳州,0.8333333333333334,0
1041,134.0,26,114.0,25,1,柳州,0.9615384615384616,0
1042,641.0,159,3600.0,30,0,柳州,0.18867924528301888,0
1043,-46.86,2,29.0,2,0,柳州,1.0,0
1044,-12.72,5,28.6,4,0,柳州,0.8,0
1045,1928.0,63,1414.0,18,0,柳州,0.2857142857142857,0
1046,6.5,7,330.0,6,0,柳州,0.8571428571428571,0
1047,-209.47,6,315.38,4,0,柳州,0.6666666666666666,0
1048,9.37,10,335.14,7,8,柳州,0.7,0
1049,17.95,5,50.0,2,4,柳州,0.4,0
1050,12266.0,89,4531.0,17,6,柳州,0.19101123595505617,0
1051,-1226.0,90,8531.0,15,10,柳州,0.16666666666666666,0
1052,53857.0,1566,6115.0,22,4,柳州,0.0140485312899106,0
1053,108.0,42,856.0,10,0,柳州,0.23809523809523808,0
1054,271.83,46,918.81,10,0,柳州,0.21739130434782608,0
1055,242.54,10,11.0,3,0,柳州,0.3,0
1056,1856.0,65,1426.0,19,2,柳州,0.2923076923076923,0
1057,19556.0,605,53041.0,114,46,柳州,0.1884297520661157,0
1058,816.1,27,410.0,8,3,柳州,0.2962962962962963,0
1059,-284.19,30,3335.0,30,0,柳州,1.0,0
1060,63347.0,684,82896.0,69,26,柳州,0.10087719298245613,0
1061,15.54,8,51.81,6,0,柳州,0.75,0
1062,8790.0,24,3085.0,10,0,柳州,0.4166666666666667,0
1063,12.66,21,560.34,6,8,柳州,0.2857142857142857,0
1064,520.69,17,0.0,0,0,柳州,0.0,0
1065,153.0,18,1051.18,12,4,柳州,0.6666666666666666,0
1066,259.64,37,660.0,15,0,柳州,0.40540540540540543,0
1067,29.97,14,204.83,5,0,柳州,0.35714285714285715,0
1068,32.0,8,175.0,4,0,柳州,0.5,0
1069,-6.45,5,100.0,5,10,柳州,1.0,0
1070,434.0,50,1940.0,16,4,柳州,0.32,0
1071,-416.0,3,40.0,3,0,柳州,1.0,0
1072,110.0,35,586.0,17,0,柳州,0.4857142857142857,0
1073,264.42,16,187.19,5,0,柳州,0.3125,0
1074,218.0,110,1214.0,12,0,柳州,0.10909090909090909,0
1075,1312.0,255,4326.0,46,0,柳州,0.1803921568627451,0
1076,-222.0,24,1200.0,5,0,柳州,0.20833333333333334,0
1077,249.0,439,14633.1,58,1,柳州,0.13211845102505695,0
1078,4.4,11,230.0,6,1,柳州,0.5454545454545454,0
1079,-89.81,68,97.0,8,0,柳州,0.11764705882352941,0
1080,514.0,298,6230.0,45,0,柳州,0.15100671140939598,0
1081,122.0,26,420.0,7,0,柳州,0.2692307692307692,0
1082,32676.73,188,15471.47,108,1,柳州,0.574468085106383,0
1083,663.09,55,962.4,15,10,柳州,0.2727272727272727,0
1084,84.0,85,4311.5,10,1,柳州,0.11764705882352941,0
1085,1251.0,381,4364.0,45,0,柳州,0.11811023622047244,0
1086,3793.0,70,2773.0,25,5,柳州,0.35714285714285715,0
1087,-284.3,7,236.0,7,0,柳州,1.0,0
1088,26.56,6,480.0,6,1,柳州,1.0,0
1089,20.0,22,180.0,20,0,柳州,0.9090909090909091,0
1090,17.47,13,535.69,3,0,柳州,0.23076923076923078,0
1091,2025.8,50,2439.3,27,0,柳州,0.54,0
1092,321.0,27,2880.0,12,1,柳州,0.4444444444444444,0
1093,4066787.0,25238,3026578.0,7700,1028,柳州,0.30509549092638083,1
1094,17.54,15,249.5,5,0,柳州,0.3333333333333333,0
1095,1053.7,35,1025.14,26,0,柳州,0.7428571428571429,0
1096,2251.0,63,1408.0,8,0,柳州,0.12698412698412698,0
1097,46.6,4,269.0,4,0,柳州,1.0,0
1098,-897.86,137,2865.0,20,6,柳州,0.145985401459854,0
1099,252.0,20,823.0,9,0,柳州,0.45,0
1100,112122.0,2058,54103.0,162,12,柳州,0.07871720116618076,0
1101,-1362.0,35,199.0,8,0,柳州,0.22857142857142856,0
1102,-734.0,15,1165.0,12,0,柳州,0.8,0
1103,-674.6,12,530.0,8,1,柳州,0.6666666666666666,0
1104,2886.0,129,3497.0,25,0,柳州,0.1937984496124031,0
1105,411.48,11,290.0,10,0,柳州,0.9090909090909091,0
1106,108.0,167,512.0,24,0,柳州,0.1437125748502994,0
1107,-13548.0,522,9732.0,76,4,柳州,0.14559386973180077,0
1108,119.0,20,512.0,6,0,柳州,0.3,0
1109,772.0,120,5250.0,20,4,柳州,0.16666666666666666,0
1110,976.0,11,100.0,2,1,柳州,0.18181818181818182,0
1111,-21.85,5,29.4,4,0,柳州,0.8,0
1112,715.0,20,594.0,8,7,柳州,0.4,0
1113,278.7,15,362.81,6,0,柳州,0.4,0
1114,50246.0,405,10182.0,116,5,柳州,0.28641975308641976,0
1115,-182.8,26,600.0,12,2,柳州,0.46153846153846156,0
1116,-478.0,60,1397.0,11,2,柳州,0.18333333333333332,0
1117,3631.0,75,742.0,8,2,柳州,0.10666666666666667,0
1118,10.0,297,4430.0,87,0,柳州,0.29292929292929293,0
1119,1928.0,145,5260.69,22,3,柳州,0.15172413793103448,0
1120,26.71,7,152.95,5,0,柳州,0.7142857142857143,0
1121,22.0,26,3369.0,8,0,柳州,0.3076923076923077,0
1122,4546.0,51,12550.0,12,0,柳州,0.23529411764705882,0
1123,67.6,11,151.9,10,0,柳州,0.9090909090909091,0
1124,19.15,10,243.4,10,0,柳州,1.0,0
1125,3387.0,154,2693.0,26,0,柳州,0.16883116883116883,0
1126,1183.63,9,1021.05,9,4,柳州,1.0,0
1127,-210.09,6,200.0,5,4,柳州,0.8333333333333334,0
1128,170.73,14,280.0,6,0,柳州,0.42857142857142855,0
1129,-1477.0,23,441.0,9,0,柳州,0.391304347826087,0
1130,989.0,129,3203.6,20,2,柳州,0.15503875968992248,0
1131,-307.61,128,1720.9,17,5,柳州,0.1328125,0
1132,-346.79,10,450.0,10,22,柳州,1.0,0
1133,12.0,11,237.0,6,0,柳州,0.5454545454545454,0
1134,187.06,10,246.08,6,0,柳州,0.6,0
1135,67.11,33,200.0,10,0,柳州,0.30303030303030304,0
1136,3933.0,272,4185.0,31,5,柳州,0.11397058823529412,0
1137,-41.54,5,55.38,5,1,柳州,1.0,0
1138,-108.39,5,35.65,5,7,柳州,1.0,0
1139,-2186.48,21,1267.21,10,0,柳州,0.47619047619047616,0
1140,4503.0,529,9045.0,56,2,柳州,0.10586011342155009,0
1141,280.0,54,1010.0,9,0,柳州,0.16666666666666666,0
1142,13208.5,1863,40458.0,399,93,柳州,0.214170692431562,0
1143,-2424.35,108,1594.56,20,0,柳州,0.18518518518518517,0
1144,207.0,16,103.0,4,1,柳州,0.25,0
1145,70599.0,2910,436728.0,736,15,柳州,0.2529209621993127,0
1146,-14946.0,210,4520.0,26,0,柳州,0.12380952380952381,0
1147,210.68,11,719.2,11,2,柳州,1.0,0
1148,-3628.0,33,8000.0,12,7,柳州,0.36363636363636365,0
1149,-19811.0,236,5458.0,24,1,柳州,0.1016949152542373,0
1150,-253.21,30,370.0,8,0,柳州,0.26666666666666666,0
1151,-30.24,30,1293.78,28,0,柳州,0.9333333333333333,0
1152,48.0,10,300.0,10,7,柳州,1.0,0
1153,1945.0,243,4674.0,25,0,柳州,0.102880658436214,0
1154,22.16,7,157.98,5,0,柳州,0.7142857142857143,0
1155,3088.85,31,1480.0,11,1,柳州,0.3548387096774194,0
1156,-121.64,10,384.4,9,0,柳州,0.9,0
1157,-449.0,33,302.0,7,0,柳州,0.21212121212121213,0
1158,8.5,9,360.0,4,0,柳州,0.4444444444444444,0
1159,16.76,3,117.0,3,2,柳州,1.0,0
1160,31.92,25,786.9,11,1,柳州,0.44,0
1161,-205.65,11,300.0,8,0,柳州,0.7272727272727273,0
1162,2262.0,384,4510.0,42,2,柳州,0.109375,0
1163,-406.0,382,4342.0,58,0,柳州,0.1518324607329843,0
1164,17294.99,1675,109977.22,290,16,柳州,0.17313432835820897,0
1165,1413.0,53,9554.0,33,0,柳州,0.6226415094339622,0
1166,20.0,6,122.0,4,0,柳州,0.6666666666666666,0
1167,213.0,175,1600.0,30,0,柳州,0.17142857142857143,0
1168,-378.7,19,420.1,4,3,柳州,0.21052631578947367,0
1169,43.88,16,173.7,13,0,柳州,0.8125,0
1170,-103091.91,345,22057.3,8,0,柳州,0.02318840579710145,0
1171,-4392.0,221,9520.0,42,0,柳州,0.19004524886877827,0
1172,218.0,561,1340.0,58,0,柳州,0.10338680926916222,0
1173,13.8,6,111.62,5,0,柳州,0.8333333333333334,0
1174,8.89,10,650.0,10,0,柳州,1.0,0
1175,537452.0,5635,829910.0,2235,52,柳州,0.3966282165039929,3
1176,-400.0,8,164.0,8,3,柳州,1.0,0
1177,-150.0,10,300.0,9,7,柳州,0.9,0
1178,120.05,12,788.41,4,0,柳州,0.3333333333333333,0
1179,308.46,21,500.0,10,9,柳州,0.47619047619047616,0
1180,270.0,40,675.0,6,0,柳州,0.15,0
1181,201.0,72,31.0,8,12,柳州,0.1111111111111111,0
1182,66.08,40,1905.51,22,6,柳州,0.55,0
1183,460695.0,2420,89037.0,370,28,桂林,0.15289256198347106,3
1184,-9287.0,154,3469.2,37,0,桂林,0.24025974025974026,0
1185,1546.0,32,475.0,9,13,桂林,0.28125,0
1186,-42.0,14,238.0,11,5,桂林,0.7857142857142857,0
1187,639.0,57,475.0,6,2,桂林,0.10526315789473684,0
1188,100321.0,260,15451.0,50,0,桂林,0.19230769230769232,0
1189,-63958.0,592,13054.0,128,0,桂林,0.21621621621621623,0
1190,-4635.0,37,300.0,7,0,桂林,0.1891891891891892,0
1191,-36.17,15,5535.27,15,2,桂林,1.0,0
1192,6310.0,46,1703.0,19,5,桂林,0.41304347826086957,0
1193,-691.0,65,536.0,10,6,桂林,0.15384615384615385,0
1194,676.0,216,6548.0,26,6,桂林,0.12037037037037036,0
1195,-1863.0,37,250.0,11,0,桂林,0.2972972972972973,0
1196,921.0,32,2034.0,15,0,桂林,0.46875,0
1197,2347.0,56,3400.0,23,0,桂林,0.4107142857142857,0
1198,-172.9,12,639.0,8,0,桂林,0.6666666666666666,0
1199,-264.2,10,138.4,6,0,桂林,0.6,0
1200,3953.7,18,2171.7,9,1,桂林,0.5,0
1201,350.0,32,2500.0,10,11,桂林,0.3125,0
1202,3869.04,162,1616.07,34,0,桂林,0.20987654320987653,0
1203,20570.96,236,9045.82,86,2,桂林,0.3644067796610169,0
1204,422.0,68,2735.0,38,0,桂林,0.5588235294117647,0
1205,4133.42,342,5726.0,40,0,桂林,0.11695906432748537,0
1206,3174.0,130,7093.0,22,3,桂林,0.16923076923076924,0
1207,325.0,53,1074.0,16,5,桂林,0.3018867924528302,0
1208,-2707.6,50,2244.0,18,0,桂林,0.36,0
1209,2619.46,155,5754.69,56,3,桂林,0.36129032258064514,0
1210,3847.0,94,3204.0,25,4,桂林,0.26595744680851063,0
1211,-990.38,83,671.1,14,1,桂林,0.1686746987951807,0
1212,9011.0,38,2919.0,24,6,桂林,0.631578947368421,0
1213,954.09,32,555.61,9,2,桂林,0.28125,0
1214,-4507.94,102,5397.6,59,9,桂林,0.5784313725490197,0
1215,131.29,9,139.8,6,2,桂林,0.6666666666666666,0
1216,2588.0,83,2984.0,28,8,桂林,0.3373493975903614,0
1217,3137.0,30,140.0,5,0,桂林,0.16666666666666666,0
1218,884.62,65,2452.65,28,0,桂林,0.4307692307692308,0
1219,5582.0,21,2042.0,20,0,桂林,0.9523809523809523,0
1220,181.0,65,1041.0,11,0,桂林,0.16923076923076924,0
1221,156.7,35,0.0,0,0,桂林,0.0,0
1222,-153.0,89,1511.3,13,1,桂林,0.14606741573033707,0
1223,7803.0,155,1400.0,40,0,桂林,0.25806451612903225,0
1224,234.54,10,257.95,7,0,桂林,0.7,0
1225,398.02,18,761.95,18,0,桂林,1.0,0
1226,608.0,17,150.0,4,0,桂林,0.23529411764705882,0
1227,397.0,15,300.0,8,0,桂林,0.5333333333333333,0
1228,37106.0,54,2896.79,12,0,桂林,0.2222222222222222,0
1229,15387.17,178,1046.0,23,0,桂林,0.12921348314606743,0
1230,128.57,8,478.0,5,0,桂林,0.625,0
1231,23367.0,412,15632.0,62,2,桂林,0.15048543689320387,0
1232,609.0,19,531.0,4,0,桂林,0.21052631578947367,0
1233,-231.0,34,2820.0,4,0,桂林,0.11764705882352941,0
1234,1761.86,27,859.83,10,0,桂林,0.37037037037037035,0
1235,15646.0,360,25699.0,90,4,桂林,0.25,0
1236,42212.75,626,13125.4,178,13,桂林,0.28434504792332266,0
1237,1134.0,56,1024.0,11,2,桂林,0.19642857142857142,0
1238,142594.0,659,32399.0,180,115,桂林,0.2731411229135053,0
1239,1297.52,11,262.88,11,0,桂林,1.0,0
1240,11365.34,868,20216.88,158,7,桂林,0.18202764976958524,0
1241,1316.61,19,85.0,9,1,桂林,0.47368421052631576,0
1242,3682.0,790,28720.0,326,26,桂林,0.41265822784810124,0
1243,5951.0,76,2019.0,13,5,桂林,0.17105263157894737,0
1244,13490.0,904,9505.0,93,2,桂林,0.10287610619469026,0
1245,134143.0,423,11200.0,61,14,桂林,0.14420803782505912,0
1246,86.3,37,707.62,6,0,桂林,0.16216216216216217,0
1247,1352.0,36,858.0,5,3,桂林,0.1388888888888889,0
1248,32664.28,535,10410.0,70,0,桂林,0.1308411214953271,0
1249,1152.0,55,1298.0,8,0,桂林,0.14545454545454545,0
1250,4334.73,329,23730.0,160,28,桂林,0.48632218844984804,0
1251,934.26,33,1016.58,12,0,桂林,0.36363636363636365,0
1252,6203.0,90,3520.0,18,0,桂林,0.2,0
1253,37.76,11,330.09,7,1,桂林,0.6363636363636364,0
1254,-1043.9,30,198.66,3,0,桂林,0.1,0
1255,3999.0,96,3078.0,50,4,桂林,0.5208333333333334,0
1256,-791.4,21,1362.0,12,0,桂林,0.5714285714285714,0
1257,1615.4,17,3917.0,13,0,桂林,0.7647058823529411,0
1258,-646.51,6,402.0,6,0,桂林,1.0,0
1259,33218.0,1687,92939.0,236,6,桂林,0.13989330171902786,0
1260,-1280.06,22,2070.0,22,0,桂林,1.0,0
1261,1151.48,85,1820.71,31,10,桂林,0.36470588235294116,0
1262,4725.0,711,39772.0,238,33,桂林,0.33473980309423346,0
1263,704.0,31,1896.0,12,5,桂林,0.3870967741935484,0
1264,24079.0,524,35331.0,102,27,桂林,0.1946564885496183,0
1265,85916.0,290,16882.0,72,23,桂林,0.2482758620689655,0
1266,-1040.0,38,586.0,14,3,桂林,0.3684210526315789,0
1267,-1187.0,29,57.0,4,0,桂林,0.13793103448275862,0
1268,81.28,12,116.09,8,0,桂林,0.6666666666666666,0
1269,1757.41,49,3072.33,25,1,桂林,0.5102040816326531,0
1270,29060.0,180,5940.0,45,2,桂林,0.25,0
1271,39.0,42,700.0,10,0,桂林,0.23809523809523808,0
1272,-290.9,20,100.0,8,0,桂林,0.4,0
1273,427.0,40,650.0,7,0,桂林,0.175,0
1274,205.0,37,568.0,22,0,桂林,0.5945945945945946,0
1275,628.0,5,132.0,2,0,桂林,0.4,0
1276,5432.0,116,2444.0,42,5,桂林,0.3620689655172414,0
1277,-21569.0,60,0.0,0,0,桂林,0.0,0
1278,-618.7,32,296.83,11,0,桂林,0.34375,0
1279,1.2,13,594.79,8,0,桂林,0.6153846153846154,0
1280,2134.0,105,1987.0,32,3,桂林,0.3047619047619048,0
1281,-1797.0,61,1484.0,24,0,桂林,0.39344262295081966,0
1282,542.0,72,3608.0,28,9,桂林,0.3888888888888889,0
1283,2925.0,120,7500.0,79,0,桂林,0.6583333333333333,0
1284,122.0,10,523.0,3,2,桂林,0.3,0
1285,-150.07,9,123.06,9,5,桂林,1.0,0
1286,-324.65,6,3426.65,4,0,桂林,0.6666666666666666,0
1287,695.0,28,419.0,18,0,桂林,0.6428571428571429,0
1288,2078.0,32,1290.0,6,10,桂林,0.1875,0
1289,-422.87,36,160.0,10,2,桂林,0.2777777777777778,0
1290,335.0,9,97.0,6,0,桂林,0.6666666666666666,0
1291,2042.56,114,2693.0,33,4,桂林,0.2894736842105263,0
1292,-95.99,13,188.19,5,0,桂林,0.38461538461538464,0
1293,-23916.0,385,11260.0,67,6,桂林,0.17402597402597403,0
1294,27.0,23,550.0,18,0,桂林,0.782608695652174,0
1295,98.24,13,315.96,10,1,桂林,0.7692307692307693,0
1296,2018.0,21,1838.0,11,0,桂林,0.5238095238095238,0
1297,-19.14,12,435.0,10,0,桂林,0.8333333333333334,0
1298,-6380.0,18,490.0,4,0,桂林,0.2222222222222222,0
1299,1550.0,130,1985.0,13,3,桂林,0.1,0
1300,12787.0,759,14231.0,153,5,桂林,0.2015810276679842,0
1301,549.0,67,1230.0,15,1,桂林,0.22388059701492538,0
1302,218211.0,1158,41022.0,120,5,桂林,0.10362694300518134,0
1303,-914.54,45,635.65,13,0,桂林,0.28888888888888886,0
1304,-14950.53,40,0.0,0,5,桂林,0.0,0
1305,-593.73,62,720.0,7,0,桂林,0.11290322580645161,0
1306,266.72,35,5337.78,35,0,桂林,1.0,0
1307,-91.0,42,1456.0,13,0,桂林,0.30952380952380953,0
1308,-48.88,5,100.5,3,0,桂林,0.6,0
1309,-77.0,16,110.0,6,0,桂林,0.375,0
1310,8.37,10,660.0,7,3,桂林,0.7,0
1311,2261.0,65,1825.0,25,1,桂林,0.38461538461538464,0
1312,16.0,32,898.0,11,0,桂林,0.34375,0
1313,146.77,136,2447.37,58,0,桂林,0.4264705882352941,0
1314,-2032.0,14,433.0,7,3,桂林,0.5,0
1315,95.53,5,30.98,2,0,桂林,0.4,0
1316,169.86,10,318.0,6,0,桂林,0.6,0
1317,5.0,56,826.0,11,2,桂林,0.19642857142857142,0
1318,248.0,28,269.0,8,0,桂林,0.2857142857142857,0
1319,72.0,18,261.0,6,0,桂林,0.3333333333333333,0
1320,8636.41,115,6909.08,63,12,桂林,0.5478260869565217,0
1321,165.16,15,500.0,15,0,桂林,1.0,0
1322,-116.59,8,12.5,8,0,桂林,1.0,0
1323,-600.0,10,300.0,10,4,桂林,1.0,0
1324,5111.0,247,7006.0,138,0,桂林,0.5587044534412956,0
1325,-2179.72,29,510.33,7,0,桂林,0.2413793103448276,0
1326,4143.0,56,1376.0,13,1,桂林,0.23214285714285715,0
1327,335.0,39,1327.0,18,5,桂林,0.46153846153846156,0
1328,20926.12,3376,48778.29,475,2,桂林,0.14069905213270142,0
1329,998.17,53,1674.82,23,2,桂林,0.4339622641509434,0
1330,-7.5,8,180.0,6,0,桂林,0.75,0
1331,-113.0,5,139.8,4,0,桂林,0.8,0
1332,21.7,5,32.0,5,0,桂林,1.0,0
1333,-540.4,6,15.0,6,0,桂林,1.0,0
1334,-3404.0,55,1043.0,10,0,桂林,0.18181818181818182,0
1335,668.74,41,1166.31,9,7,桂林,0.21951219512195122,0
1336,3615.37,119,6720.66,16,1,桂林,0.13445378151260504,0
1337,-204.73,10,175.2,5,0,桂林,0.5,0
1338,39929.32,445,18648.03,62,1,桂林,0.1393258426966292,0
1339,721.0,48,1263.0,25,0,桂林,0.5208333333333334,0
1340,2379.0,310,2777.0,36,0,桂林,0.11612903225806452,0
1341,15482.0,252,4116.0,36,0,桂林,0.14285714285714285,0
1342,-424.0,42,904.0,8,3,桂林,0.19047619047619047,0
1343,29.26,40,392.0,4,0,桂林,0.1,0
1344,109.5,37,436.3,10,5,桂林,0.2702702702702703,0
1345,489.0,25,991.0,6,0,桂林,0.24,0
1346,-865.62,26,2878.37,23,0,桂林,0.8846153846153846,0
1347,-616.0,17,1067.0,7,2,桂林,0.4117647058823529,0
1348,3.77,11,160.0,9,0,桂林,0.8181818181818182,0
1349,-942.0,19,0.0,0,0,桂林,0.0,0
1350,101686.05,315,45170.6,255,5,桂林,0.8095238095238095,0
1351,142.0,35,939.0,17,8,桂林,0.4857142857142857,0
1352,-63.38,9,249.4,5,0,桂林,0.5555555555555556,0
1353,8.15,28,285.26,8,6,桂林,0.2857142857142857,0
1354,-7.0,8,144.0,6,0,桂林,0.75,0
1355,4110.35,44,3024.35,22,1,桂林,0.5,0
1356,5040.0,285,11281.0,75,7,桂林,0.2631578947368421,0
1357,202.0,10,660.0,5,8,桂林,0.5,0
1358,-690.84,60,765.82,15,0,桂林,0.25,0
1359,8.32,14,435.0,12,0,桂林,0.8571428571428571,0
1360,186.65,13,716.5,8,0,桂林,0.6153846153846154,0
1361,402.0,6,450.0,6,4,桂林,1.0,0
1362,21811.0,159,2871.1,25,3,桂林,0.15723270440251572,0
1363,-1.0,8,213.0,5,0,桂林,0.625,0
1364,31.3,11,308.0,7,1,桂林,0.6363636363636364,0
1365,1845.0,90,2131.37,21,10,桂林,0.23333333333333334,0
1366,985.14,60,5854.89,17,0,桂林,0.2833333333333333,0
1367,1481.38,57,1550.0,11,0,桂林,0.19298245614035087,0
1368,-14.1,7,50.0,6,0,桂林,0.8571428571428571,0
1369,11955.0,640,16487.0,95,1,桂林,0.1484375,0
1370,-13.0,15,315.0,8,0,桂林,0.5333333333333333,0
1371,29133.0,364,17597.0,68,49,桂林,0.18681318681318682,0
1372,549.0,24,50.0,4,0,桂林,0.16666666666666666,0
1373,20427.0,356,12903.0,52,24,桂林,0.14606741573033707,0
1374,-149.47,5,81.28,3,0,桂林,0.6,0
1375,80.95,20,62.36,6,0,桂林,0.3,0
1376,-353.51,12,126.05,8,0,桂林,0.6666666666666666,0
1377,1326.0,130,761.0,17,0,桂林,0.13076923076923078,0
1378,0.0,8,50.0,8,0,桂林,1.0,0
1379,-57.0,9,132.0,4,0,桂林,0.4444444444444444,0
1380,303.0,15,269.0,5,0,桂林,0.3333333333333333,0
1381,0.0,10,70.0,5,0,桂林,0.5,0
1382,-119.0,46,611.0,6,9,桂林,0.13043478260869565,0
1383,-451.0,25,849.0,12,0,桂林,0.48,0
1384,-31.0,6,166.0,6,0,桂林,1.0,0
1385,16529.0,450,11500.0,133,3,桂林,0.29555555555555557,0
1386,475.36,9,131.0,5,0,桂林,0.5555555555555556,0
1387,1041.0,744,18538.0,243,25,桂林,0.32661290322580644,0
1388,-14860.0,115,3122.0,15,4,桂林,0.13043478260869565,0
1389,1566.0,103,2160.94,27,0,桂林,0.2621359223300971,0
1390,2138.83,210,8500.0,180,6,桂林,0.8571428571428571,0
1391,-79.33,35,477.0,6,5,桂林,0.17142857142857143,0
1392,14.78,12,320.0,8,16,桂林,0.6666666666666666,0
1393,50.63,1,0.0,0,8,桂林,0.0,0
1394,-284.0,11,222.0,11,0,桂林,1.0,0
1395,-1736.0,51,593.0,10,8,桂林,0.19607843137254902,0
1396,-2353.0,26,425.0,11,2,桂林,0.4230769230769231,0
1397,3.0,14,105.0,4,9,桂林,0.2857142857142857,0
1398,-192.9,6,15.0,6,1,桂林,1.0,0
1399,-996.54,20,531.3,7,0,桂林,0.35,0
1400,2039.0,70,2350.0,7,1,桂林,0.1,0
1401,5365.0,118,2644.0,27,2,桂林,0.2288135593220339,0
1402,2.56,7,182.54,7,0,桂林,1.0,0
1403,-1629.0,33,156.0,15,0,桂林,0.45454545454545453,0
1404,15.42,8,196.9,3,0,桂林,0.375,0
1405,46.0,12,333.6,5,1,桂林,0.4166666666666667,0
1406,73.8,21,345.0,12,0,桂林,0.5714285714285714,0
1407,381.9,17,920.93,8,0,桂林,0.47058823529411764,0
1408,124716.0,758,23120.0,132,25,桂林,0.1741424802110818,0
1409,4.61,6,37.0,3,4,桂林,0.5,0
1410,112.75,43,791.8,18,0,桂林,0.4186046511627907,0
1411,56572.0,803,48612.0,363,63,桂林,0.4520547945205479,0
1412,391.5,20,177.9,4,0,桂林,0.2,0
1413,-6250.0,526,10495.0,70,0,桂林,0.13307984790874525,0
1414,529.0,46,255.0,6,0,桂林,0.13043478260869565,0
1415,386222.0,2132,104102.0,404,16,桂林,0.1894934333958724,3
1416,-1176.0,165,1669.0,21,2,梧州,0.12727272727272726,0
1417,279.0,60,1425.0,19,6,梧州,0.31666666666666665,0
1418,4523.94,25,615.23,10,0,梧州,0.4,0
1419,3273.34,260,5160.29,30,11,梧州,0.11538461538461539,0
1420,5542.1,156,6617.46,32,6,梧州,0.20512820512820512,0
1421,1128.0,135,2502.0,21,0,梧州,0.15555555555555556,0
1422,-2751.0,160,1000.0,20,0,梧州,0.125,0
1423,13418.0,611,67830.0,148,40,梧州,0.24222585924713586,0
1424,-795.94,11,41.69,3,4,梧州,0.2727272727272727,0
1425,8698.0,631,26217.5,110,12,梧州,0.17432646592709986,0
1426,-3814.0,50,977.0,18,0,梧州,0.36,0
1427,2234.0,52,1169.0,20,0,梧州,0.38461538461538464,0
1428,71225.13,436,39386.0,99,3,梧州,0.22706422018348624,0
1429,445.6,32,2172.47,11,0,梧州,0.34375,0
1430,16715.0,335,9825.0,53,0,梧州,0.1582089552238806,0
1431,480.25,79,0.0,0,0,梧州,0.0,0
1432,-3.0,22,543.3,8,0,梧州,0.36363636363636365,0
1433,70639.87,465,23810.0,102,7,梧州,0.21935483870967742,0
1434,-160.0,15,1015.0,9,4,梧州,0.6,0
1435,6369.0,146,4104.0,23,0,梧州,0.15753424657534246,0
1436,886.0,171,2695.0,18,0,梧州,0.10526315789473684,0
1437,-1716.0,50,405.0,14,0,梧州,0.28,0
1438,11058.0,385,6193.0,46,0,梧州,0.11948051948051948,0
1439,7328.0,1258,10470.0,128,2,梧州,0.10174880763116058,0
1440,10131.1,422,6093.0,62,6,梧州,0.14691943127962084,0
1441,3446.0,260,2437.0,58,0,梧州,0.2230769230769231,0
1442,1638.0,129,2492.0,21,6,梧州,0.16279069767441862,0
1443,48203.0,575,13209.0,90,2,梧州,0.1565217391304348,0
1444,3572.38,122,3611.14,25,0,梧州,0.20491803278688525,0
1445,-11.1,10,50.0,6,0,梧州,0.6,0
1446,10405.8,35,804.0,7,0,梧州,0.2,0
1447,-1998.67,30,2400.0,6,0,梧州,0.2,0
1448,10344.4,68,6150.73,10,0,梧州,0.14705882352941177,0
1449,-567.5,50,823.02,7,0,梧州,0.14,0
1450,315.94,102,1748.1,16,0,梧州,0.1568627450980392,0
1451,-657.86,19,230.0,8,2,梧州,0.42105263157894735,0
1452,-2011.0,21,593.0,8,25,梧州,0.38095238095238093,0
1453,694.0,99,3660.0,21,5,梧州,0.21212121212121213,0
1454,509.0,102,2387.0,36,3,梧州,0.35294117647058826,0
1455,-64.55,43,600.0,8,0,梧州,0.18604651162790697,0
1456,109.0,8,214.0,4,0,梧州,0.5,0
1457,2112.88,55,2304.3,13,0,梧州,0.23636363636363636,0
1458,12597.68,60,5442.02,10,2,梧州,0.16666666666666666,0
1459,5916.05,100,20000.0,30,2,梧州,0.3,0
1460,-3142.6,88,7515.0,16,0,梧州,0.18181818181818182,0
1461,412.0,29,245.0,5,0,梧州,0.1724137931034483,0
1462,-2493.0,50,3000.0,15,0,梧州,0.3,0
1463,-812.0,355,2468.0,45,0,梧州,0.1267605633802817,0
1464,89.0,11,228.5,4,0,梧州,0.36363636363636365,0
1465,1268.37,93,4020.0,25,0,梧州,0.26881720430107525,0
1466,6691.0,105,1622.0,50,0,梧州,0.47619047619047616,0
1467,500521.34,1623,44237.8,241,17,梧州,0.14849044978434997,3
1468,-780.0,34,155.3,6,0,梧州,0.17647058823529413,0
1469,-7532.97,300,7000.0,48,0,梧州,0.16,0
1470,-1458.13,29,625.6,10,3,梧州,0.3448275862068966,0
1471,7179.0,239,8080.0,30,0,梧州,0.12552301255230125,0
1472,591.34,100,3000.0,21,2,梧州,0.21,0
1473,-1367.0,121,901.0,35,5,梧州,0.2892561983471074,0
1474,410.5,75,1530.5,12,0,梧州,0.16,0
1475,-936.0,140,3050.0,20,0,梧州,0.14285714285714285,0
1476,160584.97,1071,53498.42,315,5,梧州,0.29411764705882354,0
1477,1695.36,20,632.9,6,0,梧州,0.3,0
1478,183339.0,1350,53750.0,239,0,梧州,0.17703703703703705,0
1479,-1207.0,66,2771.0,12,0,梧州,0.18181818181818182,0
1480,-1558.0,210,1633.4,25,0,梧州,0.11904761904761904,0
1481,17892.0,380,5900.0,56,2,梧州,0.14736842105263157,0
1482,3315.46,700,13961.5,72,0,梧州,0.10285714285714286,0
1483,5429.0,33,2130.0,8,0,梧州,0.24242424242424243,0
1484,72973.0,540,21712.0,78,2,梧州,0.14444444444444443,0
1485,110.0,82,4520.0,45,0,北海,0.5487804878048781,0
1486,29997.47,255,14303.28,38,3,北海,0.14901960784313725,0
1487,-1793.79,37,101.0,7,0,北海,0.1891891891891892,0
1488,86791.11,1985,107061.25,245,12,北海,0.12342569269521411,0
1489,6022.0,234,12235.0,63,4,北海,0.2692307692307692,0
1490,-3422.2,44,235.48,1,0,北海,0.022727272727272728,0
1491,206.2,75,960.0,16,6,北海,0.21333333333333335,0
1492,2097.0,273,7587.0,62,12,北海,0.2271062271062271,0
1493,-9088.7,41,327.0,21,1,北海,0.5121951219512195,0
1494,-29284.0,166,3101.5,36,0,北海,0.21686746987951808,0
1495,20165.0,1384,69769.0,157,3,北海,0.11343930635838151,0
1496,5541.0,65,7224.0,11,0,北海,0.16923076923076924,0
1497,408.21,23,217.9,5,7,北海,0.21739130434782608,0
1498,152.65,15,120.0,6,0,北海,0.4,0
1499,3215.0,450,18675.0,120,0,北海,0.26666666666666666,0
1500,79.28,27,220.41,5,6,北海,0.18518518518518517,0
1501,17897.0,82,4892.0,28,1,北海,0.34146341463414637,0
1502,17644.0,5752,17796.0,579,0,北海,0.10066063977746871,0
1503,2273.0,65,1761.0,26,1,北海,0.4,0
1504,4928.75,2202,57256.0,263,1,北海,0.11943687556766576,0
1505,-734.47,34,442.53,10,0,北海,0.29411764705882354,0
1506,1171.19,118,1905.05,20,5,北海,0.1694915254237288,0
1507,12253.26,142,7605.0,39,0,北海,0.2746478873239437,0
1508,2454.0,33,3598.0,11,0,北海,0.3333333333333333,0
1509,93.0,13,562.0,9,25,北海,0.6923076923076923,0
1510,238707.0,245,82900.0,240,0,北海,0.9795918367346939,0
1511,120.74,12,500.0,10,12,北海,0.8333333333333334,0
1512,1096.49,25,1493.29,15,3,北海,0.6,0
1513,65385.0,233,10761.0,112,3,北海,0.48068669527896996,0
1514,2867.78,28,1256.88,8,1,北海,0.2857142857142857,0
1515,8919.0,263,7265.0,86,7,北海,0.3269961977186312,0
1516,-16873.0,71,3860.0,22,4,北海,0.30985915492957744,0
1517,4.5,40,77.0,11,0,北海,0.275,0
1518,7388.0,358,8771.0,37,0,北海,0.10335195530726257,0
1519,934.65,10,169.85,10,0,北海,1.0,0
1520,5808.16,177,3299.0,30,0,北海,0.1694915254237288,0
1521,43084.77,370,13245.44,50,0,北海,0.13513513513513514,0
1522,1815.45,69,2871.25,36,0,北海,0.5217391304347826,0
1523,-3566.0,81,3372.0,35,5,北海,0.43209876543209874,0
1524,854.25,160,987.0,24,0,北海,0.15,0
1525,1142.25,101,3005.0,12,0,北海,0.1188118811881188,0
1526,213.0,110,1322.0,22,1,北海,0.2,0
1527,150.0,22,654.0,6,0,北海,0.2727272727272727,0
1528,44699.0,420,10599.0,50,84,北海,0.11904761904761904,0
1529,1196.0,450,3431.0,50,0,北海,0.1111111111111111,0
1530,1501.71,20,1542.59,9,0,北海,0.45,0
1531,41895.98,523,27729.0,65,6,北海,0.124282982791587,0
1532,-160.67,10,211.53,6,5,北海,0.6,0
1533,2556.49,40,4463.07,15,0,北海,0.375,0
1534,2230.8,32,1795.0,13,0,北海,0.40625,0
1535,53.3,14,406.1,5,29,北海,0.35714285714285715,0
1536,-302.3,4,120.0,4,0,北海,1.0,0
1537,399.18,9,435.97,6,0,北海,0.6666666666666666,0
1538,30.0,3,49.0,3,0,北海,1.0,0
1539,34.0,25,628.9,10,2,北海,0.4,0
1540,-201593.31,369,13625.0,59,0,防城港,0.15989159891598917,0
1541,-4939.0,79,1031.0,11,10,防城港,0.13924050632911392,0
1542,-2317.23,17,718.2,6,0,防城港,0.35294117647058826,0
1543,-3907.0,37,1520.0,9,0,防城港,0.24324324324324326,0
1544,1770.0,52,6189.0,52,6,防城港,1.0,0
1545,-1102.0,30,200.0,5,16,防城港,0.16666666666666666,0
1546,-6249.28,156,5230.98,22,1,防城港,0.14102564102564102,0
1547,3817705.0,8000,711847.0,836,0,防城港,0.1045,2
1548,56081.37,29,9399.26,11,0,防城港,0.3793103448275862,0
1549,3509.0,360,6812.0,40,0,防城港,0.1111111111111111,0
1550,-1375.04,33,168.62,7,18,防城港,0.21212121212121213,0
1551,-695.0,8,242.0,6,3,防城港,0.75,0
1552,3105.41,169,6871.15,30,0,防城港,0.17751479289940827,0
1553,212743.0,1488,997137.0,203,18,防城港,0.1364247311827957,3
1554,-97170.79,538,3347.0,63,0,防城港,0.1171003717472119,0
1555,809.0,91,712.0,11,0,防城港,0.12087912087912088,0
1556,-2035.0,21,190.87,6,0,防城港,0.2857142857142857,0
1557,431.0,224,6698.0,124,10,防城港,0.5535714285714286,0
1558,-98.0,20,150.0,10,0,防城港,0.5,0
1559,-198.0,18,928.0,8,0,防城港,0.4444444444444444,0
1560,-57.0,95,2038.0,25,0,防城港,0.2631578947368421,0
1561,-530.0,40,301.0,9,1,防城港,0.225,0
1562,10388.0,509,39849.0,95,0,防城港,0.18664047151277013,0
1563,-1229.28,15,449.06,12,3,防城港,0.8,0
1564,9679.0,148,10900.0,18,3,防城港,0.12162162162162163,0
1565,7565.0,45,3385.0,12,1,钦州,0.26666666666666666,0
1566,330.0,20,1100.0,5,0,钦州,0.25,0
1567,-2966.0,30,570.0,12,1,钦州,0.4,0
1568,-898.36,21,100.0,8,2,钦州,0.38095238095238093,0
1569,-1063.7,21,280.0,11,2,钦州,0.5238095238095238,0
1570,55118.0,405,16680.0,67,2,钦州,0.1654320987654321,0
1571,12586.0,167,3250.0,41,0,钦州,0.24550898203592814,0
1572,132.1,24,300.0,5,0,钦州,0.20833333333333334,0
1573,711.9,270,2409.0,33,0,钦州,0.12222222222222222,0
1574,678.79,16,401.1,15,0,钦州,0.9375,0
1575,1294.18,30,849.7,10,4,钦州,0.3333333333333333,0
1576,606301.8,1570,295306.12,440,8,钦州,0.2802547770700637,3
1577,-252.88,4,55.0,4,0,钦州,1.0,0
1578,9823.0,638,8112.0,65,0,钦州,0.10188087774294671,0
1579,11905.0,120,1932.0,16,1,钦州,0.13333333333333333,0
1580,-7593.0,295,12000.0,35,1,钦州,0.11864406779661017,0
1581,410.0,36,262.0,12,0,钦州,0.3333333333333333,0
1582,431.0,200,1022.0,39,3,钦州,0.195,0
1583,25149.24,139,3840.0,37,4,钦州,0.26618705035971224,0
1584,-1958.0,61,1092.0,35,13,钦州,0.5737704918032787,0
1585,45351.0,920,21850.3,95,0,钦州,0.10326086956521739,0
1586,-233.01,10,90.36,5,0,钦州,0.5,0
1587,-2072.44,31,1353.36,10,0,钦州,0.3225806451612903,0
1588,269.61,8,232.0,7,0,钦州,0.875,0
1589,82.24,23,620.0,10,0,钦州,0.43478260869565216,0
1590,-21282.0,300,16047.0,59,7,钦州,0.19666666666666666,0
1591,32603.0,474,34969.0,240,20,钦州,0.5063291139240507,0
1592,1702.0,145,1060.0,15,2,钦州,0.10344827586206896,0
1593,27114.06,305,8877.23,32,4,钦州,0.10491803278688525,0
1594,-2617.0,44,1990.0,10,0,钦州,0.22727272727272727,0
1595,0.0,8,0.0,0,0,钦州,0.0,0
1596,1292.71,185,4350.0,22,0,钦州,0.11891891891891893,0
1597,19.0,7,143.0,7,8,钦州,1.0,0
1598,-156.66,60,1488.29,7,0,钦州,0.11666666666666667,0
1599,915.0,50,1920.0,28,0,钦州,0.56,0
1600,-4.8,7,164.0,7,0,钦州,1.0,0
1601,-170.53,8,415.0,5,6,钦州,0.625,0
1602,3115.71,30,1880.0,20,3,钦州,0.6666666666666666,0
1603,0.0,6,0.0,0,0,钦州,0.0,0
1604,-151.0,6,630.0,4,0,钦州,0.6666666666666666,0
1605,17539.75,289,21530.0,42,0,钦州,0.1453287197231834,0
1606,4173.0,186,5417.5,35,0,钦州,0.1881720430107527,0
1607,-3904.0,185,2760.0,45,1,钦州,0.24324324324324326,0
1608,3015.0,16,0.0,0,0,钦州,0.0,0
1609,102.0,45,1294.0,15,6,钦州,0.3333333333333333,0
1610,33047.0,1642,23257.0,265,0,钦州,0.16138855054811205,0
1611,-2312.42,48,1186.78,7,0,钦州,0.14583333333333334,0
1612,-328.23,16,125.0,5,0,钦州,0.3125,0
1613,-2743.32,60,943.79,13,3,钦州,0.21666666666666667,0
1614,-1610.62,12,228.0,7,3,钦州,0.5833333333333334,0
1615,13775.0,46,5898.0,15,4,钦州,0.32608695652173914,0
1616,20.72,14,583.1,7,0,钦州,0.5,0
1617,-21604.0,874,21245.0,106,3,钦州,0.12128146453089245,0
1618,22184.49,134,6282.46,17,0,钦州,0.12686567164179105,0
1619,-7528.0,30,1500.0,5,0,钦州,0.16666666666666666,0
1620,13102.3,206,1921.4,25,0,钦州,0.12135922330097088,0
1621,505.0,70,250.0,15,4,钦州,0.21428571428571427,0
1622,-2452.2,38,588.0,10,0,钦州,0.2631578947368421,0
1623,1009.0,525,7815.0,79,9,钦州,0.15047619047619049,0
1624,282.62,10,220.0,4,0,钦州,0.4,0
1625,5876.0,98,26880.0,29,0,钦州,0.29591836734693877,0
1626,28233.0,182,21287.0,24,0,钦州,0.13186813186813187,0
1627,-134.69,55,1180.0,13,12,钦州,0.23636363636363636,0
1628,30805.95,90,905.63,11,0,钦州,0.12222222222222222,0
1629,-400.76,48,1253.6,16,0,贵港,0.3333333333333333,0
1630,-2598.0,72,421.0,15,5,贵港,0.20833333333333334,0
1631,3596.25,26,666.42,12,0,贵港,0.46153846153846156,0
1632,-1840.0,35,386.5,9,2,贵港,0.2571428571428571,0
1633,9785.0,150,230.0,16,7,贵港,0.10666666666666667,0
1634,35990.0,272,6464.0,105,0,贵港,0.3860294117647059,0
1635,825.6,12,161.0,3,0,贵港,0.25,0
1636,450.0,38,480.0,12,0,贵港,0.3157894736842105,0
1637,29409.0,155,7456.0,31,2,贵港,0.2,0
1638,112.5,13,193.6,3,0,贵港,0.23076923076923078,0
1639,28.0,48,935.0,18,0,贵港,0.375,0
1640,20349.42,125,2871.39,30,2,贵港,0.24,0
1641,37899.0,320,21739.0,48,1,贵港,0.15,0
1642,3869.82,110,1953.23,16,5,贵港,0.14545454545454545,0
1643,3256.1,1400,5381.0,222,11,贵港,0.15857142857142856,0
1644,5.5,85,297.8,9,0,贵港,0.10588235294117647,0
1645,44175.0,205,7890.0,46,0,贵港,0.22439024390243903,0
1646,2712.0,35,1000.0,10,2,贵港,0.2857142857142857,0
1647,75.08,30,300.0,7,0,贵港,0.23333333333333334,0
1648,-12.23,44,868.37,14,10,贵港,0.3181818181818182,0
1649,144.9,80,1052.0,27,2,贵港,0.3375,0
1650,699.29,68,1124.28,18,0,贵港,0.2647058823529412,0
1651,-450.49,11,0.0,0,0,贵港,0.0,0
1652,11366.0,120,2217.5,26,3,贵港,0.21666666666666667,0
1653,47.9,25,250.0,10,9,贵港,0.4,0
1654,-5080.0,235,7051.0,81,3,贵港,0.3446808510638298,0
1655,-664.28,25,790.0,12,7,贵港,0.48,0
1656,-1347.0,25,235.0,15,0,贵港,0.6,0
1657,87.0,12,406.0,5,0,贵港,0.4166666666666667,0
1658,-2124.76,32,2031.81,12,8,贵港,0.375,0
1659,-262.9,56,833.1,15,0,贵港,0.26785714285714285,0
1660,-22356.0,170,2383.0,21,0,贵港,0.12352941176470589,0
1661,2162.0,7,650.0,7,2,贵港,1.0,0
1662,3505.0,205,59243.0,40,4,贵港,0.1951219512195122,0
1663,2579.82,18,1272.2,7,0,贵港,0.3888888888888889,0
1664,417.6,35,69.23,5,0,贵港,0.14285714285714285,0
1665,9415.0,500,39780.0,125,0,贵港,0.25,0
1666,1065.0,118,1600.0,19,1,贵港,0.16101694915254236,0
1667,1498.0,48,6371.0,48,0,贵港,1.0,0
1668,-350.3,25,50.0,25,12,贵港,1.0,0
1669,-3316.0,300,2581.0,33,1,玉林,0.11,0
1670,3806.76,109,2129.37,26,3,玉林,0.23853211009174313,0
1671,144389.0,665,25214.0,110,0,玉林,0.16541353383458646,0
1672,-84464.0,987,90573.0,101,8,玉林,0.10233029381965553,0
1673,-647.0,114,2301.0,107,1,玉林,0.9385964912280702,0
1674,-1346.25,189,1111.81,22,0,玉林,0.1164021164021164,0
1675,67.6,90,0.0,0,10,玉林,0.0,0
1676,-8143.0,96,3610.0,14,0,玉林,0.14583333333333334,0
1677,268.0,205,4032.0,52,2,玉林,0.25365853658536586,0
1678,2048.0,253,9890.0,83,6,玉林,0.32806324110671936,0
1679,1576.15,89,9653.71,22,4,玉林,0.24719101123595505,0
1680,59.5,18,100.0,2,0,玉林,0.1111111111111111,0
1681,-367.0,44,2211.0,20,0,玉林,0.45454545454545453,0
1682,849.0,72,1057.0,32,5,玉林,0.4444444444444444,0
1683,-201.0,18,121.0,6,0,玉林,0.3333333333333333,0
1684,1356.3,46,2400.0,10,0,玉林,0.21739130434782608,0
1685,37306.0,811,23830.0,85,11,玉林,0.10480887792848335,0
1686,-198.0,21,675.0,17,0,玉林,0.8095238095238095,0
1687,-180903.23,518,9884.41,185,16,玉林,0.35714285714285715,0
1688,26693.0,586,954.0,88,6,玉林,0.15017064846416384,0
1689,134.01,14,395.0,4,9,玉林,0.2857142857142857,0
1690,971859.0,7289,728792.0,2493,1065,玉林,0.3420222252709562,3
1691,6163.0,111,5667.0,28,0,玉林,0.25225225225225223,0
1692,259.0,40,1184.0,8,1,玉林,0.2,0
1693,64741.0,645,74231.0,72,10,玉林,0.11162790697674418,0
1694,86.0,272,1021.0,28,4,玉林,0.10294117647058823,0
1695,-2321.8,20,534.0,6,5,玉林,0.3,0
1696,30859.0,601,30945.0,108,0,玉林,0.17970049916805325,0
1697,11357.85,441,19547.39,88,0,玉林,0.19954648526077098,0
1698,16440.7,70,4160.5,19,9,玉林,0.2714285714285714,0
1699,2560.0,241,5122.0,32,1,玉林,0.13278008298755187,0
1700,1288.0,55,1300.0,13,6,玉林,0.23636363636363636,0
1701,169028.36,1187,178159.5,233,2,玉林,0.1962931760741365,0
1702,13.68,30,600.0,4,0,玉林,0.13333333333333333,0
1703,474.0,40,250.0,13,0,玉林,0.325,0
1704,-6851.3,80,1901.41,36,12,玉林,0.45,0
1705,8.97,6,114.59,3,0,玉林,0.5,0
1706,6820.0,474,8310.0,99,2,玉林,0.2088607594936709,0
1707,-185.0,108,715.8,19,0,玉林,0.17592592592592593,0
1708,33463.0,195,6041.0,25,12,玉林,0.1282051282051282,0
1709,948.43,15,1005.92,6,0,玉林,0.4,0
1710,459.0,541,5125.0,80,4,玉林,0.1478743068391867,0
1711,420.0,87,300.0,9,0,玉林,0.10344827586206896,0
1712,684.4,23,111.16,10,0,玉林,0.43478260869565216,0
1713,6482.73,32,480.0,6,0,玉林,0.1875,0
1714,-5788.0,645,1079.0,71,5,玉林,0.11007751937984496,0
1715,3879.0,235,4876.0,61,8,玉林,0.25957446808510637,0
1716,-199.4,8,81.0,6,0,玉林,0.75,0
1717,2550.33,730,5850.0,126,0,玉林,0.1726027397260274,0
1718,1240.37,30,570.0,10,0,玉林,0.3333333333333333,0
1719,4855.0,284,4845.0,31,0,玉林,0.10915492957746478,0
1720,9907.0,75,3151.0,13,8,玉林,0.17333333333333334,0
1721,-19169.0,160,2770.0,18,9,玉林,0.1125,0
1722,-187.26,166,1293.26,30,0,玉林,0.18072289156626506,0
1723,-2939.02,44,7195.0,22,0,百色,0.5,0
1724,-9993.0,120,300.0,12,1,百色,0.1,0
1725,601.0,35,1039.0,10,0,百色,0.2857142857142857,0
1726,348578.0,266,47535.0,35,0,百色,0.13157894736842105,3
1727,-1473.48,85,793.0,11,0,百色,0.12941176470588237,0
1728,626.1,118,345.0,21,2,百色,0.17796610169491525,0
1729,11069.0,162,770.0,20,0,百色,0.12345679012345678,0
1730,2565.75,135,3900.0,16,0,百色,0.11851851851851852,0
1731,-527.03,249,2824.0,27,0,百色,0.10843373493975904,0
1732,506.1,238,0.0,0,0,百色,0.0,0
1733,-1700.39,32,294.3,6,4,百色,0.1875,0
1734,-1324.0,89,2790.0,11,0,百色,0.12359550561797752,0
1735,7.1,40,150.0,12,10,百色,0.3,0
1736,41514.0,620,13580.0,62,8,百色,0.1,0
1737,146702.0,140,16974.0,18,10,百色,0.12857142857142856,0
1738,-2982.0,36,2840.0,25,15,百色,0.6944444444444444,0
1739,21448.0,82,500.0,15,8,百色,0.18292682926829268,0
1740,-57997.0,366,27416.0,44,17,百色,0.12021857923497267,0
1741,14528.0,265,3000.0,30,2,百色,0.11320754716981132,0
1742,377.61,440,9000.0,52,3,百色,0.11818181818181818,0
1743,-893.0,22,486.0,6,0,百色,0.2727272727272727,0
1744,47877.29,624,25073.0,70,22,百色,0.11217948717948718,0
1745,-42446.0,969,87124.2,124,0,百色,0.12796697626418987,0
1746,14479.0,692,21410.0,89,1,百色,0.12861271676300579,0
1747,1046.0,120,3321.0,18,0,百色,0.15,0
1748,-45672.21,1366,235947.6,290,0,百色,0.212298682284041,0
1749,1322.01,120,0.0,0,7,百色,0.0,0
1750,-2997.6,21,3679.0,14,1,百色,0.6666666666666666,0
1751,1709.0,128,5480.0,20,0,百色,0.15625,0
1752,441001.1,309,70854.15,90,1,百色,0.2912621359223301,3
1753,23354.85,70,5557.55,13,0,百色,0.18571428571428572,0
1754,-5586.0,100,771.0,12,2,百色,0.12,0
1755,-1294.0,52,2360.0,18,0,百色,0.34615384615384615,0
1756,-2492.0,379,4916.0,41,5,百色,0.10817941952506596,0
1757,102862.0,1018,49266.0,136,3,百色,0.13359528487229863,0
1758,9.0,51,1689.0,12,0,百色,0.23529411764705882,0
1759,421.0,101,2480.0,25,0,百色,0.24752475247524752,0
1760,469585.62,2890,169039.7,441,11,百色,0.15259515570934257,3
1761,194.0,296,9645.0,35,0,百色,0.11824324324324324,0
1762,1185391.0,2057,268854.0,455,26,百色,0.22119591638308217,3
1763,17028.77,399,7636.0,51,0,百色,0.12781954887218044,0
1764,1026.05,30,1256.0,13,2,百色,0.43333333333333335,0
1765,5421.0,80,1768.0,23,0,百色,0.2875,0
1766,-5285.7,85,1960.0,16,15,贺州,0.18823529411764706,0
1767,582.36,316,15364.6,36,11,贺州,0.11392405063291139,0
1768,21187.0,393,17149.0,130,10,贺州,0.33078880407124683,0
1769,15779.0,607,18438.0,80,10,贺州,0.13179571663920922,0
1770,1697.06,382,5075.6,50,0,贺州,0.13089005235602094,0
1771,343.53,19,877.33,17,0,贺州,0.8947368421052632,0
1772,21816.0,621,13819.0,75,3,贺州,0.12077294685990338,0
1773,18648.0,81,4978.0,11,10,贺州,0.13580246913580246,0
1774,-2069.0,393,4014.0,42,0,贺州,0.10687022900763359,0
1775,16992.61,352,10291.21,140,18,贺州,0.3977272727272727,0
1776,132131.0,352,24764.0,105,8,贺州,0.29829545454545453,0
1777,-1225.52,34,546.91,17,2,贺州,0.5,0
1778,4784.98,32,532.73,6,0,贺州,0.1875,0
1779,104.0,110,1103.0,11,10,贺州,0.1,0
1780,344.3,28,452.1,9,4,贺州,0.32142857142857145,0
1781,796.0,71,80.0,8,8,贺州,0.11267605633802817,0
1782,5498.0,93,6467.0,11,0,贺州,0.11827956989247312,0
1783,73804.0,323,78580.0,247,9,贺州,0.7647058823529411,0
1784,-390.54,30,80.0,5,33,贺州,0.16666666666666666,0
1785,29.0,48,667.0,16,0,贺州,0.3333333333333333,0
1786,-3633.0,264,5138.0,47,5,贺州,0.17803030303030304,0
1787,-152665.06,2853,311620.0,335,6,河池,0.11742025937609533,0
1788,26607.37,65,4186.5,26,0,河池,0.4,0
1789,-34184.0,730,33921.0,260,3,河池,0.3561643835616438,0
1790,277.32,10,74.0,4,0,河池,0.4,0
1791,-6508.63,44,6494.39,39,0,河池,0.8863636363636364,0
1792,514157.9,908,34830.0,177,0,河池,0.1949339207048458,3
1793,14248.0,1160,23931.0,164,29,河池,0.1413793103448276,0
1794,23506.0,121,2639.0,23,2,河池,0.19008264462809918,0
1795,602.44,33,941.49,6,0,河池,0.18181818181818182,0
1796,2667.14,149,3399.0,18,0,来宾,0.12080536912751678,0
1797,2596.58,90,4002.0,18,9,来宾,0.2,0
1798,-197.0,32,147.0,20,0,来宾,0.625,0
1799,861.0,155,3633.0,20,1,来宾,0.12903225806451613,0
1800,-6086.0,120,2276.0,15,4,来宾,0.125,0
1801,239.0,360,1660.0,40,2,来宾,0.1111111111111111,0
1802,1350.0,290,1762.0,39,2,来宾,0.13448275862068965,0
1803,-125497.16,1058,4095.81,109,0,来宾,0.10302457466918714,0
1804,19.0,5,202.0,5,1,来宾,1.0,0
1805,-492.0,110,650.0,22,4,来宾,0.2,0
1806,2809.63,150,499.05,35,0,来宾,0.23333333333333334,0
1807,21067.81,478,12106.88,52,2,来宾,0.1087866108786611,0
1808,6908.0,374,7776.0,88,0,来宾,0.23529411764705882,0
1809,-234.22,63,870.5,20,18,来宾,0.31746031746031744,0
1810,3512.0,37,1675.0,15,3,来宾,0.40540540540540543,0
1811,-22032.0,434,17880.0,134,20,来宾,0.3087557603686636,0
1812,36926.0,376,10235.2,51,1,来宾,0.1356382978723404,0
1813,-31985.0,516,7762.0,137,0,来宾,0.2655038759689923,0
1814,-785.0,19,241.0,8,0,来宾,0.42105263157894735,0
1815,124.0,6,270.0,3,5,来宾,0.5,0
1816,4635.42,64,2181.83,21,2,来宾,0.328125,0
1817,6538.98,350,5059.22,48,7,来宾,0.13714285714285715,0
1818,-212244.0,1628,38650.0,238,1,来宾,0.14619164619164618,0
1819,1733.0,62,1613.0,7,0,来宾,0.11290322580645161,0
1820,4.5,363,881.0,42,0,来宾,0.11570247933884298,0
1821,10475.0,186,3859.0,60,3,来宾,0.3225806451612903,0
1822,43392.0,164,11419.0,20,12,崇左,0.12195121951219512,0
1823,195648.0,3900,93482.0,490,5,崇左,0.12564102564102564,0
1824,316.14,29,426.23,10,0,崇左,0.3448275862068966,0
1825,8763.0,72,6665.45,10,4,崇左,0.1388888888888889,0
1826,113159.0,642,21976.0,67,1,崇左,0.1043613707165109,0
1827,-5995.0,72,1664.0,24,0,崇左,0.3333333333333333,0
1828,3893.0,150,2761.0,25,0,崇左,0.16666666666666666,0
1829,66691.0,169,22648.0,24,12,崇左,0.14201183431952663,0
1830,302.94,100,4482.9,19,0,崇左,0.19,0
1831,-112065.0,150,30.0,16,0,崇左,0.10666666666666667,0
1832,-94340.61,738,6100.0,108,0,崇左,0.14634146341463414,0
1833,1868.0,82,250.0,9,0,崇左,0.10975609756097561,0
1834,17929.0,96,2200.0,15,21,崇左,0.15625,0
1835,34.0,61,2091.0,32,7,崇左,0.5245901639344263,0
1836,-11990.0,248,890.0,32,0,崇左,0.12903225806451613,0
1837,-1875.0,210,10950.0,60,0,崇左,0.2857142857142857,0
1838,233.35,76,0.0,0,0,崇左,0.0,0
1839,46.0,30,0.0,0,1,崇左,0.0,0
1840,-3894.0,44,3607.0,12,2,崇左,0.2727272727272727,0
1841,679.0,101,2100.0,20,0,崇左,0.19801980198019803,0
1842,125957.91,203,14074.0,40,0,崇左,0.19704433497536947,0
1843,871.0,31,458.0,6,2,崇左,0.1935483870967742,0
1844,4605.0,61,2332.0,23,4,崇左,0.3770491803278688,0
1845,205.0,25,424.1,8,1,崇左,0.32,0
1846,75.0,9,0.0,0,0,崇左,0.0,0
1847,379.6,51,1511.3,6,0,崇左,0.11764705882352941,0
1848,11747.38,430,6043.88,105,5,崇左,0.2441860465116279,0
